prediction_id,prediction_created_at,prediction_base_date,prediction_target_date,sector,tomorrow_action,tomorrow_total_score,ensemble_v2_next_return_pred,combined_up_proba,actual_sector_return,direction_hit,core_or_aux_hit,actual_source,evaluated_at,actual_market_avg_return,actual_market_positive_rate,actual_excess_return,actual_return_rank,predicted_score_rank,absolute_return_hit,relative_excess_hit,actual_top3_flag,predicted_top3_flag,predicted_top3_actual_top3_hit,score_vs_actual_rank_gap,expected_return_mid_pct,expected_return_low_pct,expected_return_high_pct,expected_return_error_p80_pct,return_interval_center_pct,return_interval_lower_pct,return_interval_upper_pct,return_interval_width_pct,return_interval_label,return_interval_confidence_label
2026-05-11_to_2026-05-12,2026-05-12T10:35:36,2026-05-11,2026-05-12,금융,핵심 관찰,0.8458333333333332,0.3285530758631647,0.5845389658555751,-2.589705737633049,0,0,pykrx,2026-06-22T20:59:25,-2.2159050490635086,0.08333333333333333,-0.3738006885695402,8.0,1.0,0.0,0.0,0.0,1.0,0.0,-7.0,,,,,,,,,,
2026-05-11_to_2026-05-12,2026-05-12T10:35:36,2026-05-11,2026-05-12,인터넷/플랫폼,핵심 관찰,0.8041666666666667,0.3942863937913298,0.5280786561101012,-1.177903509970643,0,0,pykrx,2026-06-22T20:59:25,-2.2159050490635086,0.08333333333333333,1.0380015390928656,2.0,2.0,0.0,1.0,1.0,1.0,1.0,0.0,,,,,,,,,,
2026-05-11_to_2026-05-12,2026-05-12T10:35:36,2026-05-11,2026-05-12,조선/방산,보조 관찰,0.775,0.3211953608814151,0.535176370826044,-2.528634614000109,0,0,pykrx,2026-06-22T20:59:25,-2.2159050490635086,0.08333333333333333,-0.3127295649366002,7.0,3.0,0.0,0.0,0.0,1.0,0.0,-4.0,,,,,,,,,,
2026-05-11_to_2026-05-12,2026-05-12T10:35:36,2026-05-11,2026-05-12,2차전지,보조 관찰,0.7208333333333333,0.3746848728553695,0.5061855603897203,-4.303290679493795,0,0,pykrx,2026-06-22T20:59:25,-2.2159050490635086,0.08333333333333333,-2.0873856304302865,12.0,4.0,0.0,0.0,0.0,0.0,0.0,-8.0,,,,,,,,,,
2026-05-11_to_2026-05-12,2026-05-12T10:35:36,2026-05-11,2026-05-12,자동차,보조 관찰,0.6541666666666667,0.3505613372237614,0.4557947714646835,-1.936055728686177,0,0,pykrx,2026-06-22T20:59:25,-2.2159050490635086,0.08333333333333333,0.27984932037733157,4.0,5.0,0.0,1.0,0.0,0.0,0.0,1.0,,,,,,,,,,
2026-05-11_to_2026-05-12,2026-05-12T10:35:36,2026-05-11,2026-05-12,바이오,관망,0.5833333333333335,0.3072308863646998,0.5469505838270347,1.827650922573678,1,0,pykrx,2026-06-22T20:59:25,-2.2159050490635086,0.08333333333333333,4.043555971637186,1.0,6.0,1.0,1.0,1.0,0.0,0.0,5.0,,,,,,,,,,
2026-05-11_to_2026-05-12,2026-05-12T10:35:36,2026-05-11,2026-05-12,통신,관망,0.5208333333333333,0.2562783723764252,0.5140990550243993,-1.3995766897958677,0,0,pykrx,2026-06-22T20:59:25,-2.2159050490635086,0.08333333333333333,0.8163283592676409,3.0,7.0,0.0,1.0,1.0,0.0,0.0,4.0,,,,,,,,,,
2026-05-11_to_2026-05-12,2026-05-12T10:35:36,2026-05-11,2026-05-12,유통/소비,관망,0.4708333333333333,0.154991676611392,0.5134207569327826,-1.9562893162296224,0,0,pykrx,2026-06-22T20:59:25,-2.2159050490635086,0.08333333333333333,0.25961573283388617,5.0,8.0,0.0,1.0,0.0,0.0,0.0,3.0,,,,,,,,,,
2026-05-11_to_2026-05-12,2026-05-12T10:35:36,2026-05-11,2026-05-12,철강/소재,관망,0.3875,0.2961569746403365,0.5035615326318286,-2.0974941568488337,0,0,pykrx,2026-06-22T20:59:25,-2.2159050490635086,0.08333333333333333,0.11841089221467493,6.0,9.0,0.0,1.0,0.0,0.0,0.0,3.0,,,,,,,,,,
2026-05-11_to_2026-05-12,2026-05-12T10:35:36,2026-05-11,2026-05-12,화학/정유,회피 우선,0.3208333333333333,0.0848070150025093,0.4786750326209713,-3.709073628196427,0,0,pykrx,2026-06-22T20:59:25,-2.2159050490635086,0.08333333333333333,-1.4931685791329183,10.0,10.0,0.0,0.0,0.0,0.0,0.0,0.0,,,,,,,,,,
2026-05-11_to_2026-05-12,2026-05-12T10:35:36,2026-05-11,2026-05-12,반도체/전자,회피 우선,0.2333333333333333,-0.2823273244716809,0.4236331137720566,-4.010492251238506,1,0,pykrx,2026-06-22T20:59:25,-2.2159050490635086,0.08333333333333333,-1.7945872021749971,11.0,11.0,0.0,0.0,0.0,0.0,0.0,0.0,,,,,,,,,,
2026-05-11_to_2026-05-12,2026-05-12T10:35:36,2026-05-11,2026-05-12,게임/엔터,회피 우선,0.1833333333333333,0.0410087167162399,0.4421225908403796,-2.709995199242753,0,0,pykrx,2026-06-22T20:59:25,-2.2159050490635086,0.08333333333333333,-0.4940901501792445,9.0,12.0,0.0,0.0,0.0,0.0,0.0,3.0,,,,,,,,,,
2026-05-12_to_2026-05-13,2026-05-13T01:00:49,2026-05-12,2026-05-13,반도체/전자,핵심 관찰,0.9458333333333332,0.4313191282315416,0.6731411267929235,6.882092100745066,1,1,pykrx,2026-06-22T20:59:25,-0.1720539242481873,0.25,7.054146024993253,1.0,1.0,1.0,1.0,1.0,1.0,1.0,0.0,,,,,,,,,,
2026-05-12_to_2026-05-13,2026-05-13T01:00:49,2026-05-12,2026-05-13,조선/방산,보조 관찰,0.7541666666666668,0.2927200063415053,0.6002067149156409,-1.3972518902057882,0,0,pykrx,2026-06-22T20:59:25,-0.1720539242481873,0.25,-1.2251979659576009,9.0,2.0,0.0,0.0,0.0,1.0,0.0,-7.0,,,,,,,,,,
2026-05-12_to_2026-05-13,2026-05-13T01:00:49,2026-05-12,2026-05-13,금융,보조 관찰,0.7375,0.3339560892288981,0.595801271954175,-0.9415133045434468,0,0,pykrx,2026-06-22T20:59:25,-0.1720539242481873,0.25,-0.7694593802952595,7.0,3.0,0.0,0.0,0.0,1.0,0.0,-4.0,,,,,,,,,,
2026-05-12_to_2026-05-13,2026-05-13T01:00:49,2026-05-12,2026-05-13,화학/정유,보조 관찰,0.7375,0.3377688365955968,0.5461163047546043,-0.8766188407731711,0,0,pykrx,2026-06-22T20:59:25,-0.1720539242481873,0.25,-0.7045649165249838,6.0,4.0,0.0,0.0,0.0,0.0,0.0,-2.0,,,,,,,,,,
2026-05-12_to_2026-05-13,2026-05-13T01:00:49,2026-05-12,2026-05-13,2차전지,보조 관찰,0.6541666666666666,0.5079663118475649,0.4980481618657925,-3.282852675502764,0,0,pykrx,2026-06-22T20:59:25,-0.1720539242481873,0.25,-3.1107987512545767,12.0,5.0,0.0,0.0,0.0,0.0,0.0,-7.0,,,,,,,,,,
2026-05-12_to_2026-05-13,2026-05-13T01:00:49,2026-05-12,2026-05-13,유통/소비,보조 관찰,0.6375,0.2061032465862658,0.5842496210253637,-0.9808465695523702,0,0,pykrx,2026-06-22T20:59:25,-0.1720539242481873,0.25,-0.8087926453041828,8.0,6.0,0.0,0.0,0.0,0.0,0.0,-2.0,,,,,,,,,,
2026-05-12_to_2026-05-13,2026-05-13T01:00:49,2026-05-12,2026-05-13,통신,관망,0.525,0.1418427593967508,0.5630775139274635,-2.2932516526167475,0,0,pykrx,2026-06-22T20:59:25,-0.1720539242481873,0.25,-2.12119772836856,11.0,7.0,0.0,0.0,0.0,0.0,0.0,-4.0,,,,,,,,,,
2026-05-12_to_2026-05-13,2026-05-13T01:00:49,2026-05-12,2026-05-13,게임/엔터,관망,0.4625,0.1537212325232977,0.5486970764374515,-0.5922882900348291,0,0,pykrx,2026-06-22T20:59:25,-0.1720539242481873,0.25,-0.42023436578664175,5.0,8.0,0.0,0.0,0.0,0.0,0.0,3.0,,,,,,,,,,
2026-05-12_to_2026-05-13,2026-05-13T01:00:49,2026-05-12,2026-05-13,인터넷/플랫폼,회피 우선,0.3666666666666666,0.1959260751934315,0.5319971232584875,-0.4149465735878123,0,0,pykrx,2026-06-22T20:59:25,-0.1720539242481873,0.25,-0.24289264933962498,4.0,9.0,0.0,0.0,0.0,0.0,0.0,5.0,,,,,,,,,,
2026-05-12_to_2026-05-13,2026-05-13T01:00:49,2026-05-12,2026-05-13,자동차,회피 우선,0.3083333333333333,0.0183388105679733,0.5644490583638884,2.521257316406896,1,0,pykrx,2026-06-22T20:59:25,-0.1720539242481873,0.25,2.6933112406550834,2.0,10.0,1.0,1.0,1.0,0.0,0.0,8.0,,,,,,,,,,
2026-05-12_to_2026-05-13,2026-05-13T01:00:49,2026-05-12,2026-05-13,바이오,회피 우선,0.2708333333333333,0.020813148378398,0.4944094114885498,-1.666835188883458,0,0,pykrx,2026-06-22T20:59:25,-0.1720539242481873,0.25,-1.4947812646352707,10.0,11.0,0.0,0.0,0.0,0.0,0.0,1.0,,,,,,,,,,
2026-05-12_to_2026-05-13,2026-05-13T01:00:49,2026-05-12,2026-05-13,철강/소재,회피 우선,0.1,0.0031883703950907,0.4909782581759073,0.978408477570178,1,0,pykrx,2026-06-22T20:59:25,-0.1720539242481873,0.25,1.1504624018183653,3.0,12.0,1.0,1.0,1.0,0.0,0.0,9.0,,,,,,,,,,
2026-05-13_to_2026-05-14,2026-05-14T01:16:54,2026-05-13,2026-05-14,조선/방산,핵심 관찰,0.9125,0.5678127216785497,0.6430346926020867,-1.0849310594292625,0,0,pykrx,2026-06-22T20:59:25,2.334010812318357,0.8333333333333334,-3.4189418717476197,11.0,1.0,0.0,0.0,0.0,1.0,0.0,-10.0,,,,,,,,,,
2026-05-13_to_2026-05-14,2026-05-14T01:16:54,2026-05-13,2026-05-14,통신,핵심 관찰,0.8333333333333334,0.517172911538621,0.6093345680459461,-2.569998096283117,0,0,pykrx,2026-06-22T20:59:25,2.334010812318357,0.8333333333333334,-4.904008908601474,12.0,2.0,0.0,0.0,0.0,1.0,0.0,-10.0,,,,,,,,,,
2026-05-13_to_2026-05-14,2026-05-14T01:16:54,2026-05-13,2026-05-14,반도체/전자,핵심 관찰,0.8041666666666666,0.4312083021132101,0.631962894522367,1.3624985051952554,1,1,pykrx,2026-06-22T20:59:25,2.334010812318357,0.8333333333333334,-0.9715123071231018,9.0,3.0,1.0,0.0,0.0,1.0,0.0,-6.0,,,,,,,,,,
2026-05-13_to_2026-05-14,2026-05-14T01:16:54,2026-05-13,2026-05-14,2차전지,보조 관찰,0.6791666666666667,0.7147249752228557,0.5012693137412616,2.878507161050454,1,1,pykrx,2026-06-22T20:59:25,2.334010812318357,0.8333333333333334,0.5444963487320966,6.0,4.0,1.0,1.0,0.0,0.0,0.0,-2.0,,,,,,,,,,
2026-05-13_to_2026-05-14,2026-05-14T01:16:54,2026-05-13,2026-05-14,바이오,보조 관찰,0.6375,0.4425788832878612,0.5730499667449235,3.802671115347839,1,1,pykrx,2026-06-22T20:59:25,2.334010812318357,0.8333333333333334,1.4686603030294818,4.0,5.0,1.0,1.0,0.0,0.0,0.0,1.0,,,,,,,,,,
2026-05-13_to_2026-05-14,2026-05-14T01:16:54,2026-05-13,2026-05-14,금융,관망,0.6,0.3477738889558616,0.5871963571865897,4.295575231163699,1,0,pykrx,2026-06-22T20:59:25,2.334010812318357,0.8333333333333334,1.961564418845342,2.0,6.0,1.0,1.0,1.0,0.0,0.0,4.0,,,,,,,,,,
2026-05-13_to_2026-05-14,2026-05-14T01:16:54,2026-05-13,2026-05-14,유통/소비,관망,0.5166666666666667,0.2990849433476821,0.5579145523270472,6.771764999750918,1,0,pykrx,2026-06-22T20:59:25,2.334010812318357,0.8333333333333334,4.43775418743256,1.0,7.0,1.0,1.0,1.0,0.0,0.0,6.0,,,,,,,,,,
2026-05-13_to_2026-05-14,2026-05-14T01:16:54,2026-05-13,2026-05-14,인터넷/플랫폼,관망,0.4416666666666666,0.3077994256681034,0.537277290896343,2.1410700377453766,1,0,pykrx,2026-06-22T20:59:25,2.334010812318357,0.8333333333333334,-0.19294077457298053,8.0,8.0,1.0,0.0,0.0,0.0,0.0,0.0,,,,,,,,,,
2026-05-13_to_2026-05-14,2026-05-14T01:16:54,2026-05-13,2026-05-14,자동차,관망,0.4041666666666667,0.2624032112286942,0.5332722632236255,0.3496451374923862,1,0,pykrx,2026-06-22T20:59:25,2.334010812318357,0.8333333333333334,-1.984365674825971,10.0,9.0,1.0,0.0,0.0,0.0,0.0,-1.0,,,,,,,,,,
2026-05-13_to_2026-05-14,2026-05-14T01:16:54,2026-05-13,2026-05-14,화학/정유,회피 우선,0.2958333333333333,0.193247815797772,0.500952501366615,3.806239902260876,1,0,pykrx,2026-06-22T20:59:25,2.334010812318357,0.8333333333333334,1.4722290899425188,3.0,10.0,1.0,1.0,1.0,0.0,0.0,7.0,,,,,,,,,,
2026-05-13_to_2026-05-14,2026-05-14T01:16:54,2026-05-13,2026-05-14,게임/엔터,회피 우선,0.2499999999999999,0.0332981301986276,0.5172930751396649,3.713239757761131,1,0,pykrx,2026-06-22T20:59:25,2.334010812318357,0.8333333333333334,1.3792289454427737,5.0,11.0,1.0,1.0,0.0,0.0,0.0,6.0,,,,,,,,,,
2026-05-13_to_2026-05-14,2026-05-14T01:16:54,2026-05-13,2026-05-14,철강/소재,회피 우선,0.125,-0.0172050946142286,0.4726803698329473,2.5418470557647286,0,0,pykrx,2026-06-22T20:59:25,2.334010812318357,0.8333333333333334,0.20783624344637142,7.0,12.0,1.0,1.0,0.0,0.0,0.0,5.0,,,,,,,,,,
2026-05-14_to_2026-05-15,2026-05-14T22:43:40,2026-05-14,2026-05-15,반도체/전자,핵심 관찰,0.9583333333333334,0.5853669773270265,0.6274378893867746,-6.163524942569698,0,0,pykrx,2026-06-22T20:59:25,-4.269799900879581,0.0,-1.893725041690117,10.0,1.0,0.0,0.0,0.0,1.0,0.0,-9.0,,,,,,,,,,
2026-05-14_to_2026-05-15,2026-05-14T22:43:40,2026-05-14,2026-05-15,조선/방산,핵심 관찰,0.8041666666666667,0.4894328434601667,0.6148869216580154,-5.2315856288742415,0,0,pykrx,2026-06-22T20:59:25,-4.269799900879581,0.0,-0.9617857279946609,8.0,2.0,0.0,0.0,0.0,1.0,0.0,-6.0,,,,,,,,,,
2026-05-14_to_2026-05-15,2026-05-14T22:43:40,2026-05-14,2026-05-15,통신,핵심 관찰,0.8041666666666667,0.5066843883893957,0.5793506622002884,-5.357863843979714,0,0,pykrx,2026-06-22T20:59:25,-4.269799900879581,0.0,-1.088063943100133,9.0,3.0,0.0,0.0,0.0,1.0,0.0,-6.0,,,,,,,,,,
2026-05-14_to_2026-05-15,2026-05-14T22:43:40,2026-05-14,2026-05-15,금융,보조 관찰,0.7583333333333333,0.4275041386232454,0.5563152653285297,-2.9599951502681487,0,0,pykrx,2026-06-22T20:59:25,-4.269799900879581,0.0,1.3098047506114319,5.0,4.0,0.0,1.0,0.0,0.0,0.0,-1.0,,,,,,,,,,
2026-05-14_to_2026-05-15,2026-05-14T22:43:40,2026-05-14,2026-05-15,유통/소비,보조 관찰,0.6958333333333333,0.3424808125728473,0.5356736798546826,-2.9221301148583447,0,0,pykrx,2026-06-22T20:59:25,-4.269799900879581,0.0,1.3476697860212359,3.0,5.0,0.0,1.0,1.0,0.0,0.0,2.0,,,,,,,,,,
2026-05-14_to_2026-05-15,2026-05-14T22:43:40,2026-05-14,2026-05-15,자동차,관망,0.5458333333333334,0.2879309344994234,0.537850801260533,-2.040658498891391,0,0,pykrx,2026-06-22T20:59:25,-4.269799900879581,0.0,2.2291414019881897,1.0,6.0,0.0,1.0,1.0,0.0,0.0,5.0,,,,,,,,,,
2026-05-14_to_2026-05-15,2026-05-14T22:43:40,2026-05-14,2026-05-15,바이오,관망,0.4791666666666667,0.2730642654076353,0.5299085633335257,-2.9495424608900422,0,0,pykrx,2026-06-22T20:59:25,-4.269799900879581,0.0,1.3202574399895384,4.0,7.0,0.0,1.0,0.0,0.0,0.0,3.0,,,,,,,,,,
2026-05-14_to_2026-05-15,2026-05-14T22:43:40,2026-05-14,2026-05-15,게임/엔터,관망,0.475,0.2434793385342551,0.5305731303615561,-2.248994997872665,0,0,pykrx,2026-06-22T20:59:25,-4.269799900879581,0.0,2.0208049030069155,2.0,8.0,0.0,1.0,1.0,0.0,0.0,6.0,,,,,,,,,,
2026-05-14_to_2026-05-15,2026-05-14T22:43:40,2026-05-14,2026-05-15,화학/정유,회피 우선,0.3708333333333333,0.2428761947615128,0.4987991263201114,-6.6790807231361295,0,0,pykrx,2026-06-22T20:59:25,-4.269799900879581,0.0,-2.409280822256549,11.0,9.0,0.0,0.0,0.0,0.0,0.0,-2.0,,,,,,,,,,
2026-05-14_to_2026-05-15,2026-05-14T22:43:40,2026-05-14,2026-05-15,인터넷/플랫폼,회피 우선,0.3041666666666666,0.2630430059246395,0.4952195958108091,-3.442791179028755,0,0,pykrx,2026-06-22T20:59:25,-4.269799900879581,0.0,0.8270087218508255,6.0,10.0,0.0,1.0,0.0,0.0,0.0,4.0,,,,,,,,,,
2026-05-14_to_2026-05-15,2026-05-14T22:43:40,2026-05-14,2026-05-15,철강/소재,회피 우선,0.1916666666666666,0.2172326960483748,0.4963471751331144,-4.4145652306421805,0,0,pykrx,2026-06-22T20:59:25,-4.269799900879581,0.0,-0.14476532976259993,7.0,11.0,0.0,0.0,0.0,0.0,0.0,4.0,,,,,,,,,,
2026-05-14_to_2026-05-15,2026-05-14T22:43:40,2026-05-14,2026-05-15,2차전지,회피 우선,0.1125,0.0414229298880706,0.4217370574057091,-6.826866039543658,0,0,pykrx,2026-06-22T20:59:25,-4.269799900879581,0.0,-2.5570661386640774,12.0,12.0,0.0,0.0,0.0,0.0,0.0,0.0,,,,,,,,,,
2026-05-15_to_2026-05-18,2026-05-17T21:30:28,2026-05-15,2026-05-18,조선/방산,핵심 관찰,0.8875000000000001,0.8907534148613991,0.6659506689499131,-1.3136559898649751,0,0,pykrx,2026-06-22T20:59:25,-1.6773176731402042,0.16666666666666666,0.3636616832752291,5.0,1.0,0.0,1.0,0.0,1.0,0.0,-4.0,,,,,,,,,,
2026-05-15_to_2026-05-18,2026-05-17T21:30:28,2026-05-15,2026-05-18,반도체/전자,핵심 관찰,0.7875,0.572886912445076,0.7212117726574832,0.8040309973937355,1,1,pykrx,2026-06-22T20:59:25,-1.6773176731402042,0.16666666666666666,2.4813486705339396,1.0,2.0,1.0,1.0,1.0,1.0,1.0,1.0,,,,,,,,,,
2026-05-15_to_2026-05-18,2026-05-17T21:30:28,2026-05-15,2026-05-18,통신,보조 관찰,0.7583333333333333,1.030733328905146,0.6177167751836123,-2.147090581826817,0,0,pykrx,2026-06-22T20:59:25,-1.6773176731402042,0.16666666666666666,-0.4697729086866127,7.0,3.0,0.0,0.0,0.0,1.0,0.0,-4.0,,,,,,,,,,
2026-05-15_to_2026-05-18,2026-05-17T21:30:28,2026-05-15,2026-05-18,2차전지,보조 관찰,0.7166666666666667,0.6376652048976107,0.6443335580190539,-0.2478697305854889,0,0,pykrx,2026-06-22T20:59:25,-1.6773176731402042,0.16666666666666666,1.4294479425547153,4.0,4.0,0.0,1.0,0.0,0.0,0.0,0.0,,,,,,,,,,
2026-05-15_to_2026-05-18,2026-05-17T21:30:28,2026-05-15,2026-05-18,유통/소비,보조 관찰,0.6625,0.6171645131509954,0.6609090526134578,-2.849652155199852,0,0,pykrx,2026-06-22T20:59:25,-1.6773176731402042,0.16666666666666666,-1.1723344820596477,10.0,5.0,0.0,0.0,0.0,0.0,0.0,-5.0,,,,,,,,,,
2026-05-15_to_2026-05-18,2026-05-17T21:30:28,2026-05-15,2026-05-18,바이오,관망,0.5875,0.5666664328263328,0.6376326292464031,-4.665212550251117,0,0,pykrx,2026-06-22T20:59:25,-1.6773176731402042,0.16666666666666666,-2.9878948771109126,12.0,6.0,0.0,0.0,0.0,0.0,0.0,-6.0,,,,,,,,,,
2026-05-15_to_2026-05-18,2026-05-17T21:30:28,2026-05-15,2026-05-18,철강/소재,관망,0.575,0.6211550642258266,0.6209825208321864,-1.4869602103156545,0,0,pykrx,2026-06-22T20:59:25,-1.6773176731402042,0.16666666666666666,0.19035746282454968,6.0,7.0,0.0,1.0,0.0,0.0,0.0,1.0,,,,,,,,,,
2026-05-15_to_2026-05-18,2026-05-17T21:30:28,2026-05-15,2026-05-18,금융,관망,0.4083333333333334,0.5391948141539076,0.6061139997733833,-0.2300887256521038,0,0,pykrx,2026-06-22T20:59:25,-1.6773176731402042,0.16666666666666666,1.4472289474881004,3.0,8.0,0.0,1.0,1.0,0.0,0.0,5.0,,,,,,,,,,
2026-05-15_to_2026-05-18,2026-05-17T21:30:28,2026-05-15,2026-05-18,화학/정유,회피 우선,0.35,0.3690204069709855,0.6689493474300731,0.2939288312560644,1,0,pykrx,2026-06-22T20:59:25,-1.6773176731402042,0.16666666666666666,1.9712465043962686,2.0,9.0,1.0,1.0,1.0,0.0,0.0,7.0,,,,,,,,,,
2026-05-15_to_2026-05-18,2026-05-17T21:30:28,2026-05-15,2026-05-18,인터넷/플랫폼,회피 우선,0.2916666666666666,0.5082264136871334,0.6030594827605046,-2.189923190502224,0,0,pykrx,2026-06-22T20:59:25,-1.6773176731402042,0.16666666666666666,-0.5126055173620199,8.0,10.0,0.0,0.0,0.0,0.0,0.0,2.0,,,,,,,,,,
2026-05-15_to_2026-05-18,2026-05-17T21:30:28,2026-05-15,2026-05-18,게임/엔터,회피 우선,0.2708333333333333,0.4720156133489064,0.6351152079068313,-2.815348284423962,0,0,pykrx,2026-06-22T20:59:25,-1.6773176731402042,0.16666666666666666,-1.1380306112837577,9.0,11.0,0.0,0.0,0.0,0.0,0.0,2.0,,,,,,,,,,
2026-05-15_to_2026-05-18,2026-05-17T21:30:28,2026-05-15,2026-05-18,자동차,회피 우선,0.2041666666666666,0.4030380594227087,0.5285235198596383,-3.279970487710055,0,0,pykrx,2026-06-22T20:59:25,-1.6773176731402042,0.16666666666666666,-1.6026528145698509,11.0,12.0,0.0,0.0,0.0,0.0,0.0,1.0,,,,,,,,,,
2026-05-18_to_2026-05-19,2026-05-18T21:19:08,2026-05-18,2026-05-19,조선/방산,보조 관찰,0.775,0.4214101889322582,0.5769032385781533,-2.054914189382923,0,0,pykrx,2026-06-22T20:59:25,-2.1083194714017286,0.08333333333333333,0.05340528201880579,7.0,1.0,0.0,1.0,0.0,1.0,0.0,-6.0,,,,,,,,,,
2026-05-18_to_2026-05-19,2026-05-18T21:19:08,2026-05-18,2026-05-19,통신,보조 관찰,0.6394583333333335,0.6319255412714347,0.5280500660127662,-2.6049667251441826,0,0,pykrx,2026-06-22T20:59:25,-2.1083194714017286,0.08333333333333333,-0.496647253742454,9.0,2.0,0.0,0.0,0.0,1.0,0.0,-7.0,,,,,,,,,,
2026-05-18_to_2026-05-19,2026-05-18T21:19:08,2026-05-18,2026-05-19,반도체/전자,관망,0.6027499999999999,0.0789478293730015,0.6074712069634505,-4.636969447284808,0,0,pykrx,2026-06-22T20:59:25,-2.1083194714017286,0.08333333333333333,-2.5286499758830794,11.0,3.0,0.0,0.0,0.0,1.0,0.0,-8.0,,,,,,,,,,
2026-05-18_to_2026-05-19,2026-05-18T21:19:08,2026-05-18,2026-05-19,금융,관망,0.5945833333333334,0.1558785253436844,0.5364398594848194,-0.4073918081131373,0,0,pykrx,2026-06-22T20:59:25,-2.1083194714017286,0.08333333333333333,1.7009276632885912,2.0,4.0,0.0,1.0,1.0,0.0,0.0,2.0,,,,,,,,,,
2026-05-18_to_2026-05-19,2026-05-18T21:19:08,2026-05-18,2026-05-19,게임/엔터,관망,0.5521666666666667,0.4023975069551011,0.6359959154535828,1.6133749076189636,1,0,pykrx,2026-06-22T20:59:25,-2.1083194714017286,0.08333333333333333,3.7216943790206924,1.0,5.0,1.0,1.0,1.0,0.0,0.0,4.0,,,,,,,,,,
2026-05-18_to_2026-05-19,2026-05-18T21:19:08,2026-05-18,2026-05-19,철강/소재,관망,0.5364583333333335,0.3611529630165952,0.5593092810444436,-1.9646076533371963,0,0,pykrx,2026-06-22T20:59:25,-2.1083194714017286,0.08333333333333333,0.14371181806453226,6.0,6.0,0.0,1.0,0.0,0.0,0.0,0.0,,,,,,,,,,
2026-05-18_to_2026-05-19,2026-05-18T21:19:08,2026-05-18,2026-05-19,유통/소비,회피 우선,0.37,0.402432941960604,0.6416134845808681,-1.3831018673951077,0,0,pykrx,2026-06-22T20:59:25,-2.1083194714017286,0.08333333333333333,0.7252176040066209,4.0,7.0,0.0,1.0,0.0,0.0,0.0,3.0,,,,,,,,,,
2026-05-18_to_2026-05-19,2026-05-18T21:19:08,2026-05-18,2026-05-19,바이오,회피 우선,0.37,0.4660111788374186,0.6397760891445073,-0.7574825868874491,0,0,pykrx,2026-06-22T20:59:25,-2.1083194714017286,0.08333333333333333,1.3508368845142795,3.0,8.0,0.0,1.0,1.0,0.0,0.0,5.0,,,,,,,,,,
2026-05-18_to_2026-05-19,2026-05-18T21:19:08,2026-05-18,2026-05-19,자동차,회피 우선,0.37,0.3472698384028836,0.5851160627146694,-5.018479942091006,0,0,pykrx,2026-06-22T20:59:25,-2.1083194714017286,0.08333333333333333,-2.9101604706892776,12.0,9.0,0.0,0.0,0.0,0.0,0.0,-3.0,,,,,,,,,,
2026-05-18_to_2026-05-19,2026-05-18T21:19:08,2026-05-18,2026-05-19,인터넷/플랫폼,회피 우선,0.3500833333333333,0.2423096006558089,0.545021874479472,-1.9445708630702665,0,0,pykrx,2026-06-22T20:59:25,-2.1083194714017286,0.08333333333333333,0.1637486083314621,5.0,10.0,0.0,1.0,0.0,0.0,0.0,5.0,,,,,,,,,,
2026-05-18_to_2026-05-19,2026-05-18T21:19:08,2026-05-18,2026-05-19,2차전지,회피 우선,0.3312916666666667,-0.0245937312321531,0.4478556271628038,-4.070447894952688,1,0,pykrx,2026-06-22T20:59:25,-2.1083194714017286,0.08333333333333333,-1.962128423550959,10.0,11.0,0.0,0.0,0.0,0.0,0.0,1.0,,,,,,,,,,
2026-05-18_to_2026-05-19,2026-05-18T21:19:08,2026-05-18,2026-05-19,화학/정유,회피 우선,0.3133333333333333,-0.0929540931256036,0.514148351534554,-2.070275586780942,1,0,pykrx,2026-06-22T20:59:25,-2.1083194714017286,0.08333333333333333,0.03804388462078645,8.0,12.0,0.0,1.0,0.0,0.0,0.0,4.0,,,,,,,,,,
2026-05-19_to_2026-05-20,2026-05-19T22:36:22,2026-05-19,2026-05-20,조선/방산,보조 관찰,0.688625,0.5030887818067585,0.5860513155771172,-2.0729355906470697,0,0,pykrx,2026-06-22T20:59:25,-2.81132455938631,0.0,0.7383889687392404,3.0,1.0,0.0,1.0,1.0,1.0,1.0,-2.0,,,,,,,,,,
2026-05-19_to_2026-05-20,2026-05-19T22:36:22,2026-05-19,2026-05-20,통신,관망,0.5694583333333334,0.7840913724536986,0.5237532537490666,-1.545862658160758,0,0,pykrx,2026-06-22T20:59:25,-2.81132455938631,0.0,1.2654619012255521,2.0,2.0,0.0,1.0,1.0,1.0,1.0,0.0,,,,,,,,,,
2026-05-19_to_2026-05-20,2026-05-19T22:36:22,2026-05-19,2026-05-20,바이오,관망,0.5516666666666667,0.2052335439930679,0.4941342747008549,-3.0087725475954,0,0,pykrx,2026-06-22T20:59:25,-2.81132455938631,0.0,-0.19744798820909004,9.0,3.0,0.0,0.0,0.0,1.0,0.0,-6.0,,,,,,,,,,
2026-05-19_to_2026-05-20,2026-05-19T22:36:22,2026-05-19,2026-05-20,금융,관망,0.519375,0.1291061035634627,0.4874885093214348,-2.3271644398862072,0,0,pykrx,2026-06-22T20:59:25,-2.81132455938631,0.0,0.48416011950010285,4.0,4.0,0.0,1.0,0.0,0.0,0.0,0.0,,,,,,,,,,
2026-05-19_to_2026-05-20,2026-05-19T22:36:22,2026-05-19,2026-05-20,인터넷/플랫폼,관망,0.504375,0.320009298416228,0.5302897630759749,-2.850766153429653,0,0,pykrx,2026-06-22T20:59:25,-2.81132455938631,0.0,-0.03944159404334302,7.0,5.0,0.0,0.0,0.0,0.0,0.0,-2.0,,,,,,,,,,
2026-05-19_to_2026-05-20,2026-05-19T22:36:22,2026-05-19,2026-05-20,게임/엔터,관망,0.4825,0.0142248510786436,0.4801896777919242,-3.767618373778707,0,0,pykrx,2026-06-22T20:59:25,-2.81132455938631,0.0,-0.9562938143923967,10.0,6.0,0.0,0.0,0.0,0.0,0.0,-4.0,,,,,,,,,,
2026-05-19_to_2026-05-20,2026-05-19T22:36:22,2026-05-19,2026-05-20,철강/소재,관망,0.409625,0.3586222074043454,0.5302814123288571,-5.083234031192736,0,0,pykrx,2026-06-22T20:59:25,-2.81132455938631,0.0,-2.2719094718064263,12.0,7.0,0.0,0.0,0.0,0.0,0.0,-5.0,,,,,,,,,,
2026-05-19_to_2026-05-20,2026-05-19T22:36:22,2026-05-19,2026-05-20,유통/소비,관망,0.3920833333333333,0.1952321432783955,0.5549267478369941,-2.7377758014566824,0,0,pykrx,2026-06-22T20:59:25,-2.81132455938631,0.0,0.07354875792962767,6.0,8.0,0.0,1.0,0.0,0.0,0.0,2.0,,,,,,,,,,
2026-05-19_to_2026-05-20,2026-05-19T22:36:22,2026-05-19,2026-05-20,2차전지,회피 우선,0.37,0.8986334668859524,0.5568745882814781,-4.456938430416849,0,0,pykrx,2026-06-22T20:59:25,-2.81132455938631,0.0,-1.6456138710305388,11.0,9.0,0.0,0.0,0.0,0.0,0.0,-2.0,,,,,,,,,,
2026-05-19_to_2026-05-20,2026-05-19T22:36:22,2026-05-19,2026-05-20,자동차,회피 우선,0.37,0.6426670550664065,0.5857215446033311,-2.933511810397597,0,0,pykrx,2026-06-22T20:59:25,-2.81132455938631,0.0,-0.12218725101128669,8.0,10.0,0.0,0.0,0.0,0.0,0.0,2.0,,,,,,,,,,
2026-05-19_to_2026-05-20,2026-05-19T22:36:22,2026-05-19,2026-05-20,반도체/전자,회피 우선,0.37,0.7838528677677469,0.6695910012410624,-0.4311289446094817,0,0,pykrx,2026-06-22T20:59:25,-2.81132455938631,0.0,2.380195614776828,1.0,11.0,0.0,1.0,1.0,0.0,0.0,10.0,,,,,,,,,,
2026-05-19_to_2026-05-20,2026-05-19T22:36:22,2026-05-19,2026-05-20,화학/정유,회피 우선,0.37,0.5046555956094082,0.5647161270323728,-2.520185931064577,0,0,pykrx,2026-06-22T20:59:25,-2.81132455938631,0.0,0.291138628321733,5.0,12.0,0.0,1.0,0.0,0.0,0.0,7.0,,,,,,,,,,
2026-05-20_to_2026-05-21,2026-05-20T20:57:10,2026-05-20,2026-05-21,반도체/전자,관망,0.5050166666666668,0.182478208832307,0.5691445475278669,11.728055190566186,1,0,pykrx,2026-06-22T20:59:25,4.752345903953609,1.0,6.975709286612577,1.0,1.0,1.0,1.0,1.0,1.0,1.0,0.0,,,,,,,,,,
2026-05-20_to_2026-05-21,2026-05-20T20:57:10,2026-05-20,2026-05-21,조선/방산,회피 우선,0.37,0.4766150522679352,0.5948364616484284,4.479800494587402,1,0,pykrx,2026-06-22T20:59:25,4.752345903953609,1.0,-0.27254540936620675,4.0,2.0,1.0,0.0,0.0,1.0,0.0,-2.0,,,,,,,,,,
2026-05-20_to_2026-05-21,2026-05-20T20:57:10,2026-05-20,2026-05-21,화학/정유,회피 우선,0.37,0.3453622859409282,0.5717099846207648,4.205602568597099,1,0,pykrx,2026-06-22T20:59:25,4.752345903953609,1.0,-0.5467433353565099,5.0,3.0,1.0,0.0,0.0,1.0,0.0,-2.0,,,,,,,,,,
2026-05-20_to_2026-05-21,2026-05-20T20:57:10,2026-05-20,2026-05-21,통신,회피 우선,0.3494166666666667,0.1819739242271245,0.4567160040797818,2.9991762414525303,1,0,pykrx,2026-06-22T20:59:25,4.752345903953609,1.0,-1.7531696625010786,10.0,4.0,1.0,0.0,0.0,0.0,0.0,-6.0,,,,,,,,,,
2026-05-20_to_2026-05-21,2026-05-20T20:57:10,2026-05-20,2026-05-21,금융,회피 우선,0.3476266666666666,0.3681862584375741,0.5295623100658713,4.0762664432711615,1,0,pykrx,2026-06-22T20:59:25,4.752345903953609,1.0,-0.6760794606824474,6.0,5.0,1.0,0.0,0.0,0.0,0.0,-1.0,,,,,,,,,,
2026-05-20_to_2026-05-21,2026-05-20T20:57:10,2026-05-20,2026-05-21,자동차,회피 우선,0.33478,0.4920452976900201,0.5257346243104766,9.459342029197408,1,0,pykrx,2026-06-22T20:59:25,4.752345903953609,1.0,4.7069961252437995,2.0,6.0,1.0,1.0,1.0,0.0,0.0,4.0,,,,,,,,,,
2026-05-20_to_2026-05-21,2026-05-20T20:57:10,2026-05-20,2026-05-21,2차전지,회피 우선,0.3102983333333333,0.6463284662202758,0.5439059705705229,6.644189517805069,1,0,pykrx,2026-06-22T20:59:25,4.752345903953609,1.0,1.89184361385146,3.0,7.0,1.0,1.0,1.0,0.0,0.0,4.0,,,,,,,,,,
2026-05-20_to_2026-05-21,2026-05-20T20:57:10,2026-05-20,2026-05-21,철강/소재,회피 우선,0.2851316666666665,0.888906126669402,0.6088120144005236,2.834162240839908,1,0,pykrx,2026-06-22T20:59:25,4.752345903953609,1.0,-1.9181836631137008,11.0,8.0,1.0,0.0,0.0,0.0,0.0,-3.0,,,,,,,,,,
2026-05-20_to_2026-05-21,2026-05-20T20:57:10,2026-05-20,2026-05-21,인터넷/플랫폼,회피 우선,0.2580183333333333,0.3339697683046705,0.5525604154993735,3.709157183055108,1,0,pykrx,2026-06-22T20:59:25,4.752345903953609,1.0,-1.0431887208985007,7.0,9.0,1.0,0.0,0.0,0.0,0.0,2.0,,,,,,,,,,
2026-05-20_to_2026-05-21,2026-05-20T20:57:10,2026-05-20,2026-05-21,유통/소비,회피 우선,0.2331216666666666,0.4010398236353779,0.608720278555192,3.382945253266993,1,0,pykrx,2026-06-22T20:59:25,4.752345903953609,1.0,-1.3694006506866159,8.0,10.0,1.0,0.0,0.0,0.0,0.0,2.0,,,,,,,,,,
2026-05-20_to_2026-05-21,2026-05-20T20:57:10,2026-05-20,2026-05-21,바이오,회피 우선,0.2112666666666666,0.4248160065951697,0.5894507233685005,3.3347488345478653,1,0,pykrx,2026-06-22T20:59:25,4.752345903953609,1.0,-1.4175970694057436,9.0,11.0,1.0,0.0,0.0,0.0,0.0,2.0,,,,,,,,,,
2026-05-20_to_2026-05-21,2026-05-20T20:57:10,2026-05-20,2026-05-21,게임/엔터,회피 우선,0.2023,0.4244355622710145,0.6424141960579637,0.1747048502565782,1,0,pykrx,2026-06-22T20:59:25,4.752345903953609,1.0,-4.577641053697031,12.0,12.0,1.0,0.0,0.0,0.0,0.0,0.0,,,,,,,,,,
2026-05-21_to_2026-05-22,2026-05-21T20:56:44,2026-05-21,2026-05-22,조선/방산,핵심 관찰,0.8509041666666667,0.3597368408991782,0.5345572404325294,4.155964735163416,1,1,pykrx,2026-06-22T20:59:25,3.6557072762611327,1.0,0.5002574589022837,4.0,1.0,1.0,1.0,0.0,1.0,0.0,-3.0,,,,,,,,,,
2026-05-21_to_2026-05-22,2026-05-21T20:56:44,2026-05-21,2026-05-22,반도체/전자,핵심 관찰,0.8068833333333335,0.8516170081193435,0.6131855109507529,2.722705669985022,1,1,pykrx,2026-06-22T20:59:25,3.6557072762611327,1.0,-0.9330016062761106,9.0,2.0,1.0,0.0,0.0,1.0,0.0,-7.0,,,,,,,,,,
2026-05-21_to_2026-05-22,2026-05-21T20:56:44,2026-05-21,2026-05-22,금융,보조 관찰,0.6951458333333335,0.326076239826383,0.4880723697112818,2.026447057987396,1,1,pykrx,2026-06-22T20:59:25,3.6557072762611327,1.0,-1.6292602182737368,11.0,3.0,1.0,0.0,0.0,1.0,0.0,-8.0,,,,,,,,,,
2026-05-21_to_2026-05-22,2026-05-21T20:56:44,2026-05-21,2026-05-22,바이오,보조 관찰,0.6735416666666667,0.2298224609442452,0.5245653313181109,4.943788899646597,1,1,pykrx,2026-06-22T20:59:25,3.6557072762611327,1.0,1.2880816233854642,3.0,4.0,1.0,1.0,1.0,0.0,0.0,1.0,,,,,,,,,,
2026-05-21_to_2026-05-22,2026-05-21T20:56:44,2026-05-21,2026-05-22,자동차,보조 관찰,0.6626124999999999,0.5276422649443587,0.4800868709224248,2.5762005951146123,1,1,pykrx,2026-06-22T20:59:25,3.6557072762611327,1.0,-1.0795066811465204,10.0,5.0,1.0,0.0,0.0,0.0,0.0,-5.0,,,,,,,,,,
2026-05-21_to_2026-05-22,2026-05-21T20:56:44,2026-05-21,2026-05-22,2차전지,관망,0.6036958333333333,0.276369949853167,0.4350700306938231,5.977546218835047,1,0,pykrx,2026-06-22T20:59:25,3.6557072762611327,1.0,2.3218389425739145,2.0,6.0,1.0,1.0,1.0,0.0,0.0,4.0,,,,,,,,,,
2026-05-21_to_2026-05-22,2026-05-21T20:56:44,2026-05-21,2026-05-22,통신,관망,0.5228958333333333,0.1209821130266291,0.4537929428271427,6.494761706030175,1,0,pykrx,2026-06-22T20:59:25,3.6557072762611327,1.0,2.8390544297690425,1.0,7.0,1.0,1.0,1.0,0.0,0.0,6.0,,,,,,,,,,
2026-05-21_to_2026-05-22,2026-05-21T20:56:44,2026-05-21,2026-05-22,유통/소비,회피 우선,0.3990499999999999,0.195660153771992,0.5112736882128054,0.2726155104303945,1,0,pykrx,2026-06-22T20:59:25,3.6557072762611327,1.0,-3.3830917658307382,12.0,8.0,1.0,0.0,0.0,0.0,0.0,-4.0,,,,,,,,,,
2026-05-21_to_2026-05-22,2026-05-21T20:56:44,2026-05-21,2026-05-22,인터넷/플랫폼,회피 우선,0.3482708333333333,0.1959936917069558,0.4791204932890966,3.8069143117180806,1,0,pykrx,2026-06-22T20:59:25,3.6557072762611327,1.0,0.1512070354569479,6.0,9.0,1.0,1.0,0.0,0.0,0.0,3.0,,,,,,,,,,
2026-05-21_to_2026-05-22,2026-05-21T20:56:44,2026-05-21,2026-05-22,화학/정유,회피 우선,0.3181125,0.1563409660314879,0.4776019219933822,3.1816815375051752,1,0,pykrx,2026-06-22T20:59:25,3.6557072762611327,1.0,-0.47402573875595744,8.0,10.0,1.0,0.0,0.0,0.0,0.0,2.0,,,,,,,,,,
2026-05-21_to_2026-05-22,2026-05-21T20:56:44,2026-05-21,2026-05-22,게임/엔터,회피 우선,0.2894166666666666,0.0144843187017151,0.5041132272139854,4.043356995180315,1,0,pykrx,2026-06-22T20:59:25,3.6557072762611327,1.0,0.38764971891918254,5.0,11.0,1.0,1.0,0.0,0.0,0.0,6.0,,,,,,,,,,
2026-05-21_to_2026-05-22,2026-05-21T20:56:44,2026-05-21,2026-05-22,철강/소재,회피 우선,0.2273208333333333,0.1878240683660692,0.4710390313880621,3.666504077537362,1,0,pykrx,2026-06-22T20:59:25,3.6557072762611327,1.0,0.010796801276229395,7.0,12.0,1.0,1.0,0.0,0.0,0.0,5.0,,,,,,,,,,
2026-05-22_to_2026-05-26,2026-05-25T21:06:22,2026-05-22,2026-05-26,조선/방산,핵심 관찰,0.8123125,0.4164693148011224,0.5795180406141958,1.3925041154402538,1,1,pykrx,2026-06-22T20:59:25,0.45894332574830665,0.5,0.9335607896919471,4.0,1.0,1.0,1.0,0.0,1.0,0.0,-3.0,,,,,,,,,,
2026-05-22_to_2026-05-26,2026-05-25T21:06:22,2026-05-22,2026-05-26,반도체/전자,보조 관찰,0.7508416666666669,0.7763815266694309,0.6319273797983663,6.225084953437295,1,1,pykrx,2026-06-22T20:59:25,0.45894332574830665,0.5,5.766141627688988,1.0,2.0,1.0,1.0,1.0,1.0,1.0,1.0,,,,,,,,,,
2026-05-22_to_2026-05-26,2026-05-25T21:06:22,2026-05-22,2026-05-26,통신,보조 관찰,0.7255625000000001,0.3620782066497074,0.480453589236871,2.636893465109111,1,1,pykrx,2026-06-22T20:59:25,0.45894332574830665,0.5,2.1779501393608043,2.0,3.0,1.0,1.0,1.0,1.0,1.0,1.0,,,,,,,,,,
2026-05-22_to_2026-05-26,2026-05-25T21:06:22,2026-05-22,2026-05-26,금융,보조 관찰,0.6474791666666666,0.3487365390061237,0.5168660821994074,-1.675031582166508,0,0,pykrx,2026-06-22T20:59:25,0.45894332574830665,0.5,-2.1339749079148147,11.0,4.0,0.0,0.0,0.0,0.0,0.0,-7.0,,,,,,,,,,
2026-05-22_to_2026-05-26,2026-05-25T21:06:22,2026-05-22,2026-05-26,자동차,관망,0.5281333333333332,0.6219763842067447,0.548913262783646,-0.1018451935197393,0,0,pykrx,2026-06-22T20:59:25,0.45894332574830665,0.5,-0.560788519268046,7.0,5.0,0.0,0.0,0.0,0.0,0.0,-2.0,,,,,,,,,,
2026-05-22_to_2026-05-26,2026-05-25T21:06:22,2026-05-22,2026-05-26,게임/엔터,관망,0.5186041666666666,0.1862484227273054,0.5186917871427843,-3.019956920577532,0,0,pykrx,2026-06-22T20:59:25,0.45894332574830665,0.5,-3.4789002463258387,12.0,6.0,0.0,0.0,0.0,0.0,0.0,-6.0,,,,,,,,,,
2026-05-22_to_2026-05-26,2026-05-25T21:06:22,2026-05-22,2026-05-26,철강/소재,관망,0.4754874999999999,0.2314962736314206,0.5107346113360366,-0.4946270534472833,0,0,pykrx,2026-06-22T20:59:25,0.45894332574830665,0.5,-0.95357037919559,8.0,7.0,0.0,0.0,0.0,0.0,0.0,-1.0,,,,,,,,,,
2026-05-22_to_2026-05-26,2026-05-25T21:06:22,2026-05-22,2026-05-26,바이오,회피 우선,0.4559375,0.2923907282590663,0.5127931584726392,-0.5680542676619043,0,0,pykrx,2026-06-22T20:59:25,0.45894332574830665,0.5,-1.026997593410211,9.0,8.0,0.0,0.0,0.0,0.0,0.0,-1.0,,,,,,,,,,
2026-05-22_to_2026-05-26,2026-05-25T21:06:22,2026-05-22,2026-05-26,인터넷/플랫폼,관망,0.4326458333333333,0.2173747163002807,0.5001948738251064,0.3431877172536668,1,0,pykrx,2026-06-22T20:59:25,0.45894332574830665,0.5,-0.11575560849463984,5.0,9.0,1.0,0.0,0.0,0.0,0.0,4.0,,,,,,,,,,
2026-05-22_to_2026-05-26,2026-05-25T21:06:22,2026-05-22,2026-05-26,유통/소비,회피 우선,0.3904583333333333,0.2804408592746227,0.5975014915930354,-1.4631093796550467,0,0,pykrx,2026-06-22T20:59:25,0.45894332574830665,0.5,-1.9220527054033534,10.0,10.0,0.0,0.0,0.0,0.0,0.0,0.0,,,,,,,,,,
2026-05-22_to_2026-05-26,2026-05-25T21:06:22,2026-05-22,2026-05-26,2차전지,회피 우선,0.3790499999999999,0.0348698414595592,0.4710761777483183,0.3412519627799271,1,0,pykrx,2026-06-22T20:59:25,0.45894332574830665,0.5,-0.11769136296837956,6.0,11.0,1.0,0.0,0.0,0.0,0.0,5.0,,,,,,,,,,
2026-05-22_to_2026-05-26,2026-05-25T21:06:22,2026-05-22,2026-05-26,화학/정유,회피 우선,0.3289375,0.1911678456570678,0.501159638298488,1.89102209198744,1,0,pykrx,2026-06-22T20:59:25,0.45894332574830665,0.5,1.4320787662391334,3.0,12.0,1.0,1.0,1.0,0.0,0.0,9.0,,,,,,,,,,
2026-05-26_to_2026-05-27,2026-05-26T20:54:52,2026-05-26,2026-05-27,조선/방산,핵심 관찰,0.8098000000000001,0.4292105615379237,0.597211525989854,-3.280037613220862,0,0,pykrx,2026-06-22T20:59:25,-2.7041352587707177,0.16666666666666666,-0.5759023544501445,7.0,1.0,0.0,0.0,0.0,1.0,0.0,-6.0,,,,,,,,,,
2026-05-26_to_2026-05-27,2026-05-26T20:54:52,2026-05-26,2026-05-27,반도체/전자,보조 관찰,0.6496333333333334,0.0624343887084749,0.5873422933319523,-4.42718592226646,0,0,pykrx,2026-06-22T20:59:25,-2.7041352587707177,0.16666666666666666,-1.7230506634957425,10.0,2.0,0.0,0.0,0.0,1.0,0.0,-8.0,,,,,,,,,,
2026-05-26_to_2026-05-27,2026-05-26T20:54:52,2026-05-26,2026-05-27,통신,보조 관찰,0.6485833333333334,0.315983664533208,0.5474555351134209,-3.7377680096817216,0,0,pykrx,2026-06-22T20:59:25,-2.7041352587707177,0.16666666666666666,-1.033632750911004,8.0,3.0,0.0,0.0,0.0,1.0,0.0,-5.0,,,,,,,,,,
2026-05-26_to_2026-05-27,2026-05-26T20:54:52,2026-05-26,2026-05-27,금융,관망,0.5942118372103657,0.3570255323604294,0.5916188435822696,-2.2121419406128706,0,0,pykrx,2026-06-22T20:59:25,-2.7041352587707177,0.16666666666666666,0.4919933181578471,4.0,4.0,0.0,1.0,0.0,0.0,0.0,0.0,,,,,,,,,,
2026-05-26_to_2026-05-27,2026-05-26T20:54:52,2026-05-26,2026-05-27,자동차,관망,0.4594749640450065,0.2216314354307321,0.5360996904041817,-2.366964971256379,0,0,pykrx,2026-06-22T20:59:25,-2.7041352587707177,0.16666666666666666,0.33717028751433853,5.0,5.0,0.0,1.0,0.0,0.0,0.0,0.0,,,,,,,,,,
2026-05-26_to_2026-05-27,2026-05-26T20:54:52,2026-05-26,2026-05-27,바이오,회피 우선,0.4420507854115541,0.3242487748797777,0.5906503523938456,0.942402794603309,1,0,pykrx,2026-06-22T20:59:25,-2.7041352587707177,0.16666666666666666,3.6465380533740266,1.0,6.0,1.0,1.0,1.0,0.0,0.0,5.0,,,,,,,,,,
2026-05-26_to_2026-05-27,2026-05-26T20:54:52,2026-05-26,2026-05-27,2차전지,관망,0.4281333333333333,0.1226904706319009,0.506871576954892,-4.957471652268058,0,0,pykrx,2026-06-22T20:59:25,-2.7041352587707177,0.16666666666666666,-2.2533363934973405,12.0,7.0,0.0,0.0,0.0,0.0,0.0,-5.0,,,,,,,,,,
2026-05-26_to_2026-05-27,2026-05-26T20:54:52,2026-05-26,2026-05-27,철강/소재,관망,0.3945459860886153,0.2610649023551026,0.5646358840517516,-4.493332276768292,0,0,pykrx,2026-06-22T20:59:25,-2.7041352587707177,0.16666666666666666,-1.7891970179975747,11.0,8.0,0.0,0.0,0.0,0.0,0.0,-3.0,,,,,,,,,,
2026-05-26_to_2026-05-27,2026-05-26T20:54:52,2026-05-26,2026-05-27,인터넷/플랫폼,회피 우선,0.3740416666666667,0.350169940977419,0.5633136861085352,0.8238175682982912,1,0,pykrx,2026-06-22T20:59:25,-2.7041352587707177,0.16666666666666666,3.527952827069009,2.0,9.0,1.0,1.0,1.0,0.0,0.0,7.0,,,,,,,,,,
2026-05-26_to_2026-05-27,2026-05-26T20:54:52,2026-05-26,2026-05-27,화학/정유,회피 우선,0.3362166666666667,0.1964441144050284,0.528594616844151,-4.169620759840735,0,0,pykrx,2026-06-22T20:59:25,-2.7041352587707177,0.16666666666666666,-1.4654855010700176,9.0,10.0,0.0,0.0,0.0,0.0,0.0,1.0,,,,,,,,,,
2026-05-26_to_2026-05-27,2026-05-26T20:54:52,2026-05-26,2026-05-27,유통/소비,회피 우선,0.3341091239834705,0.3230985631544771,0.623926941058195,-2.1889643005415174,0,0,pykrx,2026-06-22T20:59:25,-2.7041352587707177,0.16666666666666666,0.5151709582292003,3.0,11.0,0.0,1.0,1.0,0.0,0.0,8.0,,,,,,,,,,
2026-05-26_to_2026-05-27,2026-05-26T20:54:52,2026-05-26,2026-05-27,게임/엔터,회피 우선,0.2513833333333333,0.4497543112331117,0.6633698709931528,-2.382356021693312,0,0,pykrx,2026-06-22T20:59:25,-2.7041352587707177,0.16666666666666666,0.3217792370774055,6.0,12.0,0.0,1.0,0.0,0.0,0.0,6.0,,,,,,,,,,
2026-05-27_to_2026-05-28,2026-05-28T15:32:40,2026-05-27,2026-05-28,바이오,회피 우선,0.3598083333333333,0.1771585927767495,0.5268405456521523,-2.585126999620404,0,0,pykrx,2026-06-22T20:59:25,-1.8616583359935241,0.08333333333333333,-0.7234686636268799,9.0,1.0,0.0,0.0,0.0,1.0,0.0,-8.0,,,,,,,,,,
2026-05-27_to_2026-05-28,2026-05-28T15:32:40,2026-05-27,2026-05-28,통신,회피 우선,0.3583965999999999,0.4965244489982632,0.6224556575170253,-5.97716846076156,0,0,pykrx,2026-06-22T20:59:25,-1.8616583359935241,0.08333333333333333,-4.115510124768036,12.0,2.0,0.0,0.0,0.0,1.0,0.0,-10.0,,,,,,,,,,
2026-05-27_to_2026-05-28,2026-05-28T15:32:40,2026-05-27,2026-05-28,자동차,회피 우선,0.2611983499999999,0.1814938275691537,0.521791084157199,-1.0067814620645068,0,0,pykrx,2026-06-22T20:59:25,-1.8616583359935241,0.08333333333333333,0.8548768739290173,4.0,3.0,0.0,1.0,0.0,1.0,0.0,-1.0,,,,,,,,,,
2026-05-27_to_2026-05-28,2026-05-28T15:32:40,2026-05-27,2026-05-28,금융,회피 우선,0.2299029666666666,0.3373086955888376,0.5589260731296712,-2.2883932504359863,0,0,pykrx,2026-06-22T20:59:25,-1.8616583359935241,0.08333333333333333,-0.42673491444246214,7.0,4.0,0.0,0.0,0.0,0.0,0.0,-3.0,,,,,,,,,,
2026-05-27_to_2026-05-28,2026-05-28T15:32:40,2026-05-27,2026-05-28,인터넷/플랫폼,회피 우선,0.2255728,0.1349722142771929,0.5328242397227776,-2.094614403268409,0,0,pykrx,2026-06-22T20:59:25,-1.8616583359935241,0.08333333333333333,-0.23295606727488471,6.0,5.0,0.0,0.0,0.0,0.0,0.0,-1.0,,,,,,,,,,
2026-05-27_to_2026-05-28,2026-05-28T15:32:40,2026-05-27,2026-05-28,게임/엔터,회피 우선,0.2088861833333332,0.201090911093811,0.5940705694446304,-0.7457915527060379,0,0,pykrx,2026-06-22T20:59:25,-1.8616583359935241,0.08333333333333333,1.1158667832874862,3.0,6.0,0.0,1.0,1.0,0.0,0.0,3.0,,,,,,,,,,
2026-05-27_to_2026-05-28,2026-05-28T15:32:40,2026-05-27,2026-05-28,조선/방산,회피 우선,0.1838658333333333,0.5238292594097775,0.6301225294199796,-3.9038336795990585,0,0,pykrx,2026-06-22T20:59:25,-1.8616583359935241,0.08333333333333333,-2.0421753436055345,11.0,7.0,0.0,0.0,0.0,0.0,0.0,-4.0,,,,,,,,,,
2026-05-27_to_2026-05-28,2026-05-28T15:32:40,2026-05-27,2026-05-28,유통/소비,회피 우선,0.1634286833333333,0.2578447488098891,0.6049025328374462,-0.4807953188034244,0,0,pykrx,2026-06-22T20:59:25,-1.8616583359935241,0.08333333333333333,1.3808630171900997,2.0,8.0,0.0,1.0,1.0,0.0,0.0,6.0,,,,,,,,,,
2026-05-27_to_2026-05-28,2026-05-28T15:32:40,2026-05-27,2026-05-28,철강/소재,회피 우선,0.14234,0.5400547044368713,0.6194168098278361,-2.3726988182488964,0,0,pykrx,2026-06-22T20:59:25,-1.8616583359935241,0.08333333333333333,-0.5110404822553722,8.0,9.0,0.0,0.0,0.0,0.0,0.0,1.0,,,,,,,,,,
2026-05-27_to_2026-05-28,2026-05-28T15:32:40,2026-05-27,2026-05-28,반도체/전자,회피 우선,0.1307093666666666,0.252617227359331,0.6120981550255171,-3.0466960518606125,0,0,pykrx,2026-06-22T20:59:25,-1.8616583359935241,0.08333333333333333,-1.1850377158670884,10.0,10.0,0.0,0.0,0.0,0.0,0.0,0.0,,,,,,,,,,
2026-05-27_to_2026-05-28,2026-05-28T15:32:40,2026-05-27,2026-05-28,2차전지,회피 우선,0.1272316666666666,0.5240787572658439,0.5793652409666621,3.3067202783956864,1,0,pykrx,2026-06-22T20:59:25,-1.8616583359935241,0.08333333333333333,5.16837861438921,1.0,11.0,1.0,1.0,1.0,0.0,0.0,10.0,,,,,,,,,,
2026-05-27_to_2026-05-28,2026-05-28T15:32:40,2026-05-27,2026-05-28,화학/정유,회피 우선,0.1191166666666666,0.5197121628493565,0.6250683777512003,-1.144720312949083,0,0,pykrx,2026-06-22T20:59:25,-1.8616583359935241,0.08333333333333333,0.7169380230444411,5.0,12.0,0.0,1.0,0.0,0.0,0.0,7.0,,,,,,,,,,
2026-05-28_to_2026-05-29,2026-05-28T21:10:14,2026-05-28,2026-05-29,2차전지,회피 우선,0.5004196666666666,-0.3420329605108486,0.37922012440901,-1.5002820890204749,1,0,pykrx,2026-06-22T20:59:25,-0.11894129316331882,0.5,-1.381340795857156,9.0,1.0,0.0,0.0,0.0,1.0,0.0,-8.0,,,,,,,,,,
2026-05-28_to_2026-05-29,2026-05-28T21:10:14,2026-05-28,2026-05-29,자동차,관망,0.4497317419363544,0.0419397536729027,0.4598943614021729,1.488936633830384,1,0,pykrx,2026-06-22T20:59:25,-0.11894129316331882,0.5,1.607877926993703,2.0,2.0,1.0,1.0,1.0,1.0,1.0,0.0,,,,,,,,,,
2026-05-28_to_2026-05-29,2026-05-28T21:10:14,2026-05-28,2026-05-29,게임/엔터,회피 우선,0.4356008256699462,0.1092026237351591,0.5267187156339538,0.8523993217840278,1,0,pykrx,2026-06-22T20:59:25,-0.11894129316331882,0.5,0.9713406149473466,4.0,3.0,1.0,1.0,0.0,1.0,0.0,-1.0,,,,,,,,,,
2026-05-28_to_2026-05-29,2026-05-28T21:10:14,2026-05-28,2026-05-29,반도체/전자,회피 우선,0.419445192676414,0.2487009601263691,0.5392605330721902,1.197374966036698,1,0,pykrx,2026-06-22T20:59:25,-0.11894129316331882,0.5,1.3163162592000168,3.0,4.0,1.0,1.0,1.0,0.0,0.0,1.0,,,,,,,,,,
2026-05-28_to_2026-05-29,2026-05-28T21:10:14,2026-05-28,2026-05-29,화학/정유,회피 우선,0.4004938530351912,0.1217191010816065,0.4930820645848672,-1.517177331143294,0,0,pykrx,2026-06-22T20:59:25,-0.11894129316331882,0.5,-1.398236037979975,10.0,5.0,0.0,0.0,0.0,0.0,0.0,-5.0,,,,,,,,,,
2026-05-28_to_2026-05-29,2026-05-28T21:10:14,2026-05-28,2026-05-29,유통/소비,회피 우선,0.3693652751868184,0.0859876035873487,0.5347116402912361,0.148035920803202,1,0,pykrx,2026-06-22T20:59:25,-0.11894129316331882,0.5,0.2669772139665208,6.0,6.0,1.0,1.0,0.0,0.0,0.0,0.0,,,,,,,,,,
2026-05-28_to_2026-05-29,2026-05-28T21:10:14,2026-05-28,2026-05-29,금융,회피 우선,0.2698741999999999,0.2309484923573122,0.5354696700149877,0.2756155081904669,1,0,pykrx,2026-06-22T20:59:25,-0.11894129316331882,0.5,0.3945568013537857,5.0,7.0,1.0,1.0,0.0,0.0,0.0,2.0,,,,,,,,,,
2026-05-28_to_2026-05-29,2026-05-28T21:10:14,2026-05-28,2026-05-29,인터넷/플랫폼,회피 우선,0.2569128705124819,0.2279005800776929,0.5248805260835359,4.906919287698456,1,0,pykrx,2026-06-22T20:59:25,-0.11894129316331882,0.5,5.025860580861775,1.0,8.0,1.0,1.0,1.0,0.0,0.0,7.0,,,,,,,,,,
2026-05-28_to_2026-05-29,2026-05-28T21:10:14,2026-05-28,2026-05-29,조선/방산,회피 우선,0.1725266666666666,0.4785234148544579,0.5823564878017132,-1.9918059899877183,0,0,pykrx,2026-06-22T20:59:25,-0.11894129316331882,0.5,-1.8728646968243994,11.0,9.0,0.0,0.0,0.0,0.0,0.0,-2.0,,,,,,,,,,
2026-05-28_to_2026-05-29,2026-05-28T21:10:14,2026-05-28,2026-05-29,통신,회피 우선,0.1612833333333333,0.5759492114714184,0.6179544318809234,-1.0411928613844883,0,0,pykrx,2026-06-22T20:59:25,-0.11894129316331882,0.5,-0.9222515682211695,8.0,10.0,0.0,0.0,0.0,0.0,0.0,2.0,,,,,,,,,,
2026-05-28_to_2026-05-29,2026-05-28T21:10:14,2026-05-28,2026-05-29,철강/소재,회피 우선,0.1593513999999999,0.2803058056187333,0.529152998097812,-3.6116114536126993,0,0,pykrx,2026-06-22T20:59:25,-0.11894129316331882,0.5,-3.4926701604493804,12.0,11.0,0.0,0.0,0.0,0.0,0.0,-1.0,,,,,,,,,,
2026-05-28_to_2026-05-29,2026-05-28T21:10:14,2026-05-28,2026-05-29,바이오,회피 우선,0.1327199999999999,0.2474883127488849,0.5720481410262414,-0.6345074311543859,0,0,pykrx,2026-06-22T20:59:25,-0.11894129316331882,0.5,-0.5155661379910671,7.0,12.0,0.0,0.0,0.0,0.0,0.0,5.0,,,,,,,,,,
2026-05-29_to_2026-06-01,2026-06-01T11:42:35,2026-05-29,2026-06-01,인터넷/플랫폼,핵심 관찰,0.7949988686802331,-0.18450587330182,0.416014670942649,3.096616200224491,0,1,pykrx,2026-06-22T20:59:25,-0.8146876859215633,0.25,3.911303886146054,1.0,1.0,1.0,1.0,1.0,1.0,1.0,0.0,,,,,,,,,,
2026-05-29_to_2026-06-01,2026-06-01T11:42:35,2026-05-29,2026-06-01,자동차,관망,0.6120598490739894,-0.2524754779027706,0.4160502603710807,-1.8530230043776987,1,0,pykrx,2026-06-22T20:59:25,-0.8146876859215633,0.25,-1.0383353184561355,8.0,2.0,0.0,0.0,0.0,1.0,0.0,-6.0,,,,,,,,,,
2026-05-29_to_2026-06-01,2026-06-01T11:42:35,2026-05-29,2026-06-01,반도체/전자,관망,0.58,0.0537082473381219,0.5710099788594107,0.9951207395900412,1,0,pykrx,2026-06-22T20:59:25,-0.8146876859215633,0.25,1.8098084255116045,3.0,3.0,1.0,1.0,1.0,1.0,1.0,0.0,,,,,,,,,,
2026-05-29_to_2026-06-01,2026-06-01T11:42:35,2026-05-29,2026-06-01,조선/방산,관망,0.5315181055048234,0.1193479622506568,0.5182842770767093,-0.7736811233691844,0,0,pykrx,2026-06-22T20:59:25,-0.8146876859215633,0.25,0.04100656255237889,5.0,4.0,0.0,1.0,0.0,0.0,0.0,-1.0,,,,,,,,,,
2026-05-29_to_2026-06-01,2026-06-01T11:42:35,2026-05-29,2026-06-01,2차전지,회피 우선,0.4680450714572303,-0.2646105134063145,0.4511209250497437,-2.602695628844361,1,0,pykrx,2026-06-22T20:59:25,-0.8146876859215633,0.25,-1.7880079429227975,12.0,5.0,0.0,0.0,0.0,0.0,0.0,-7.0,,,,,,,,,,
2026-05-29_to_2026-06-01,2026-06-01T11:42:35,2026-05-29,2026-06-01,금융,관망,0.4600420832165576,-0.4049073514455362,0.4632495499331073,1.096598194380838,0,0,pykrx,2026-06-22T20:59:25,-0.8146876859215633,0.25,1.9112858803024013,2.0,6.0,1.0,1.0,1.0,0.0,0.0,4.0,,,,,,,,,,
2026-05-29_to_2026-06-01,2026-06-01T11:42:35,2026-05-29,2026-06-01,게임/엔터,회피 우선,0.4289006963533743,-0.2623450070037467,0.4851663716215401,-0.3928824625440344,1,0,pykrx,2026-06-22T20:59:25,-0.8146876859215633,0.25,0.42180522337752885,4.0,7.0,0.0,1.0,0.0,0.0,0.0,3.0,,,,,,,,,,
2026-05-29_to_2026-06-01,2026-06-01T11:42:35,2026-05-29,2026-06-01,통신,관망,0.4120113671939686,-0.0800777664393772,0.4868464397673111,-2.557729128414138,1,0,pykrx,2026-06-22T20:59:25,-0.8146876859215633,0.25,-1.7430414424925749,11.0,8.0,0.0,0.0,0.0,0.0,0.0,-3.0,,,,,,,,,,
2026-05-29_to_2026-06-01,2026-06-01T11:42:35,2026-05-29,2026-06-01,바이오,회피 우선,0.4109929738598795,-0.2769821182165814,0.4668278895884921,-1.4868521348551984,1,0,pykrx,2026-06-22T20:59:25,-0.8146876859215633,0.25,-0.6721644489336351,7.0,9.0,0.0,0.0,0.0,0.0,0.0,2.0,,,,,,,,,,
2026-05-29_to_2026-06-01,2026-06-01T11:42:35,2026-05-29,2026-06-01,화학/정유,회피 우선,0.3509549771189478,-0.0397104426916106,0.5088228812680881,-2.234763026134704,1,0,pykrx,2026-06-22T20:59:25,-0.8146876859215633,0.25,-1.4200753402131405,10.0,10.0,0.0,0.0,0.0,0.0,0.0,0.0,,,,,,,,,,
2026-05-29_to_2026-06-01,2026-06-01T11:42:35,2026-05-29,2026-06-01,유통/소비,회피 우선,0.2461421751459507,-0.2928228133970191,0.4950753900894225,-0.9767532245086168,1,0,pykrx,2026-06-22T20:59:25,-0.8146876859215633,0.25,-0.16206553858705353,6.0,11.0,0.0,0.0,0.0,0.0,0.0,5.0,,,,,,,,,,
2026-05-29_to_2026-06-01,2026-06-01T11:42:35,2026-05-29,2026-06-01,철강/소재,회피 우선,0.2378029303945214,0.2937068121374906,0.5629660362849604,-2.086207632206195,0,0,pykrx,2026-06-22T20:59:25,-0.8146876859215633,0.25,-1.2715199462846316,9.0,12.0,0.0,0.0,0.0,0.0,0.0,3.0,,,,,,,,,,
2026-06-01_to_2026-06-02,2026-06-01T23:04:11,2026-06-01,2026-06-02,인터넷/플랫폼,보조 관찰,0.7775033453482445,0.1472955300749547,0.4826719048312371,-2.239588253713813,0,0,pykrx,2026-06-22T20:59:25,-2.0058892106478887,0.25,-0.23369904306592426,6.0,1.0,0.0,0.0,0.0,1.0,0.0,-5.0,,,,,,,,,,
2026-06-01_to_2026-06-02,2026-06-01T23:04:11,2026-06-01,2026-06-02,조선/방산,보조 관찰,0.6320496824989732,0.3020905691951491,0.5175060877758489,-5.717488387764595,0,0,pykrx,2026-06-22T20:59:25,-2.0058892106478887,0.25,-3.7115991771167063,12.0,2.0,0.0,0.0,0.0,1.0,0.0,-10.0,,,,,,,,,,
2026-06-01_to_2026-06-02,2026-06-01T23:04:11,2026-06-01,2026-06-02,반도체/전자,회피 우선,0.6273005936270803,0.2282404521845635,0.4869215881413916,-3.0038350599518404,0,0,pykrx,2026-06-22T20:59:25,-2.0058892106478887,0.25,-0.9979458493039517,10.0,3.0,0.0,0.0,0.0,1.0,0.0,-7.0,,,,,,,,,,
2026-06-01_to_2026-06-02,2026-06-01T23:04:11,2026-06-01,2026-06-02,자동차,관망,0.5455988320008379,0.2732201003743418,0.522684783388079,-2.04011426477838,0,0,pykrx,2026-06-22T20:59:25,-2.0058892106478887,0.25,-0.03422505413049137,5.0,4.0,0.0,0.0,0.0,0.0,0.0,-1.0,,,,,,,,,,
2026-06-01_to_2026-06-02,2026-06-01T23:04:11,2026-06-01,2026-06-02,금융,관망,0.5175940405218272,0.1362718193973575,0.4668731279164562,1.2676305121916744,1,0,pykrx,2026-06-22T20:59:25,-2.0058892106478887,0.25,3.273519722839563,2.0,5.0,1.0,1.0,1.0,0.0,0.0,3.0,,,,,,,,,,
2026-06-01_to_2026-06-02,2026-06-01T23:04:11,2026-06-01,2026-06-02,2차전지,회피 우선,0.4314961540730536,0.3324735924723871,0.5582434494670285,-4.078710305713878,0,0,pykrx,2026-06-22T20:59:25,-2.0058892106478887,0.25,-2.0728210950659895,11.0,6.0,0.0,0.0,0.0,0.0,0.0,-5.0,,,,,,,,,,
2026-06-01_to_2026-06-02,2026-06-01T23:04:11,2026-06-01,2026-06-02,철강/소재,회피 우선,0.4292906912735309,0.450172525082101,0.5377021670638285,-2.745099531892499,0,0,pykrx,2026-06-22T20:59:25,-2.0058892106478887,0.25,-0.7392103212446104,8.0,7.0,0.0,0.0,0.0,0.0,0.0,-1.0,,,,,,,,,,
2026-06-01_to_2026-06-02,2026-06-01T23:04:11,2026-06-01,2026-06-02,게임/엔터,회피 우선,0.3770731564196397,0.1712993766682446,0.5508372575380585,0.1291507231397448,1,0,pykrx,2026-06-22T20:59:25,-2.0058892106478887,0.25,2.1350399337876333,3.0,8.0,1.0,1.0,1.0,0.0,0.0,5.0,,,,,,,,,,
2026-06-01_to_2026-06-02,2026-06-01T23:04:11,2026-06-01,2026-06-02,유통/소비,회피 우선,0.3459435680738219,0.1305852764645247,0.5305031228037729,1.5969159642064166,1,0,pykrx,2026-06-22T20:59:25,-2.0058892106478887,0.25,3.6028051748543053,1.0,9.0,1.0,1.0,1.0,0.0,0.0,8.0,,,,,,,,,,
2026-06-01_to_2026-06-02,2026-06-01T23:04:11,2026-06-01,2026-06-02,바이오,회피 우선,0.3431603270162997,0.2358700150695416,0.5408037634991516,-2.7694051958229373,0,0,pykrx,2026-06-22T20:59:25,-2.0058892106478887,0.25,-0.7635159851750486,9.0,10.0,0.0,0.0,0.0,0.0,0.0,1.0,,,,,,,,,,
2026-06-01_to_2026-06-02,2026-06-01T23:04:11,2026-06-01,2026-06-02,통신,회피 우선,0.2633899101556295,0.855927149113262,0.5565869918539066,-2.0190365971982045,0,0,pykrx,2026-06-22T20:59:25,-2.0058892106478887,0.25,-0.013147386550315776,4.0,11.0,0.0,0.0,0.0,0.0,0.0,7.0,,,,,,,,,,
2026-06-01_to_2026-06-02,2026-06-01T23:04:11,2026-06-01,2026-06-02,화학/정유,회피 우선,0.2132844732540498,0.1470329706544484,0.5238987375276736,-2.451090130476352,0,0,pykrx,2026-06-22T20:59:25,-2.0058892106478887,0.25,-0.44520091982846344,7.0,12.0,0.0,0.0,0.0,0.0,0.0,5.0,,,,,,,,,,
2026-06-02_to_2026-06-04,2026-06-04T16:02:41,2026-06-02,2026-06-04,금융,관망,0.5766944062648706,0.3323269852709065,0.5625308221585619,2.398040858786417,1,0,pykrx,2026-06-22T20:59:25,0.8175223638769035,0.5,1.5805184949095135,3.0,1.0,1.0,1.0,1.0,1.0,1.0,-2.0,,,,,,,,,,
2026-06-02_to_2026-06-04,2026-06-04T16:02:41,2026-06-02,2026-06-04,인터넷/플랫폼,관망,0.5195605486101549,0.4254723064745916,0.604306743703069,-2.776973589540133,0,0,pykrx,2026-06-22T20:59:25,0.8175223638769035,0.5,-3.5944959534170366,12.0,2.0,0.0,0.0,0.0,1.0,0.0,-10.0,,,,,,,,,,
2026-06-02_to_2026-06-04,2026-06-04T16:02:41,2026-06-02,2026-06-04,통신,관망,0.4731591582439957,0.4968371269560925,0.5537648758991228,2.2434560165565687,1,0,pykrx,2026-06-22T20:59:25,0.8175223638769035,0.5,1.425933652679665,4.0,3.0,1.0,1.0,0.0,1.0,0.0,-1.0,,,,,,,,,,
2026-06-02_to_2026-06-04,2026-06-04T16:02:41,2026-06-02,2026-06-04,게임/엔터,회피 우선,0.397660390835305,0.1534686748868572,0.5181214331347614,-2.0501030489524363,0,0,pykrx,2026-06-22T20:59:25,0.8175223638769035,0.5,-2.86762541282934,11.0,4.0,0.0,0.0,0.0,0.0,0.0,-7.0,,,,,,,,,,
2026-06-02_to_2026-06-04,2026-06-04T16:02:41,2026-06-02,2026-06-04,유통/소비,회피 우선,0.3848912871716458,0.1791938516880831,0.5499146199816942,2.997317716239694,1,0,pykrx,2026-06-22T20:59:25,0.8175223638769035,0.5,2.1797953523627904,2.0,5.0,1.0,1.0,1.0,0.0,0.0,3.0,,,,,,,,,,
2026-06-02_to_2026-06-04,2026-06-04T16:02:41,2026-06-02,2026-06-04,반도체/전자,회피 우선,0.3620184841329358,0.1882484386234248,0.621288508887978,5.687471622101816,1,0,pykrx,2026-06-22T20:59:25,0.8175223638769035,0.5,4.869949258224913,1.0,6.0,1.0,1.0,1.0,0.0,0.0,5.0,,,,,,,,,,
2026-06-02_to_2026-06-04,2026-06-04T16:02:41,2026-06-02,2026-06-04,화학/정유,회피 우선,0.3268184298999357,0.3318038072492998,0.5456957971836702,1.678676408792846,1,0,pykrx,2026-06-22T20:59:25,0.8175223638769035,0.5,0.8611540449159426,5.0,7.0,1.0,1.0,0.0,0.0,0.0,2.0,,,,,,,,,,
2026-06-02_to_2026-06-04,2026-06-04T16:02:41,2026-06-02,2026-06-04,자동차,회피 우선,0.3040736585852602,0.1995144845370823,0.5192871181479075,-0.8291917733655572,0,0,pykrx,2026-06-22T20:59:25,0.8175223638769035,0.5,-1.6467141372424607,10.0,8.0,0.0,0.0,0.0,0.0,0.0,-2.0,,,,,,,,,,
2026-06-02_to_2026-06-04,2026-06-04T16:02:41,2026-06-02,2026-06-04,철강/소재,회피 우선,0.2130526899491905,0.5525133754534839,0.5540593692555956,-0.1960535853103272,0,0,pykrx,2026-06-22T20:59:25,0.8175223638769035,0.5,-1.0135759491872307,8.0,9.0,0.0,0.0,0.0,0.0,0.0,1.0,,,,,,,,,,
2026-06-02_to_2026-06-04,2026-06-04T16:02:41,2026-06-02,2026-06-04,조선/방산,회피 우선,0.1589555884018615,0.8875105173432281,0.6408368297496368,-0.0010459398265471,0,0,pykrx,2026-06-22T20:59:25,0.8175223638769035,0.5,-0.8185683037034506,7.0,10.0,0.0,0.0,0.0,0.0,0.0,3.0,,,,,,,,,,
2026-06-02_to_2026-06-04,2026-06-04T16:02:41,2026-06-02,2026-06-04,바이오,회피 우선,0.1077600777758989,0.2991788139330013,0.566374324397467,-0.5749697463759539,0,0,pykrx,2026-06-22T20:59:25,0.8175223638769035,0.5,-1.3924921102528574,9.0,11.0,0.0,0.0,0.0,0.0,0.0,2.0,,,,,,,,,,
2026-06-02_to_2026-06-04,2026-06-04T16:02:41,2026-06-02,2026-06-04,2차전지,회피 우선,0.0924796166808823,0.4289124426529214,0.5084187619147764,1.233643427416455,1,0,pykrx,2026-06-22T20:59:25,0.8175223638769035,0.5,0.4161210635395515,6.0,12.0,1.0,1.0,0.0,0.0,0.0,6.0,,,,,,,,,,
2026-06-04_to_2026-06-05,2026-06-04T21:46:48,2026-06-04,2026-06-05,반도체/전자,보조 관찰,0.6822457196145658,-0.2473506222273046,0.4563683490661693,-4.39549660623787,1,0,pykrx,2026-06-22T20:59:25,-3.1893993853336835,0.0,-1.2060972209041867,10.0,1.0,0.0,0.0,0.0,1.0,0.0,-9.0,,,,,,,,,,
2026-06-04_to_2026-06-05,2026-06-04T21:46:48,2026-06-04,2026-06-05,금융,회피 우선,0.5989155637309757,0.021230683459872,0.4879355718961804,-0.0333613339104055,0,0,pykrx,2026-06-22T20:59:25,-3.1893993853336835,0.0,3.156038051423278,1.0,2.0,0.0,1.0,1.0,1.0,1.0,1.0,,,,,,,,,,
2026-06-04_to_2026-06-05,2026-06-04T21:46:48,2026-06-04,2026-06-05,조선/방산,관망,0.556197540086671,0.0393235252581046,0.5130873823697759,-1.793297191327082,0,0,pykrx,2026-06-22T20:59:25,-3.1893993853336835,0.0,1.3961021940066014,3.0,3.0,0.0,1.0,1.0,1.0,1.0,0.0,,,,,,,,,,
2026-06-04_to_2026-06-05,2026-06-04T21:46:48,2026-06-04,2026-06-05,2차전지,관망,0.5360836230375636,-0.2686085201010823,0.4277785029242738,-6.374642534353867,1,0,pykrx,2026-06-22T20:59:25,-3.1893993853336835,0.0,-3.185243149020183,11.0,4.0,0.0,0.0,0.0,0.0,0.0,-7.0,,,,,,,,,,
2026-06-04_to_2026-06-05,2026-06-04T21:46:48,2026-06-04,2026-06-05,유통/소비,회피 우선,0.514169144015106,-0.0580133968968636,0.4912269873539258,-1.1309229732073187,1,0,pykrx,2026-06-22T20:59:25,-3.1893993853336835,0.0,2.058476412126365,2.0,5.0,0.0,1.0,1.0,0.0,0.0,3.0,,,,,,,,,,
2026-06-04_to_2026-06-05,2026-06-04T21:46:48,2026-06-04,2026-06-05,통신,관망,0.4891830194486986,-0.0682863374511388,0.4766781493483398,-7.261423066825631,1,0,pykrx,2026-06-22T20:59:25,-3.1893993853336835,0.0,-4.072023681491947,12.0,6.0,0.0,0.0,0.0,0.0,0.0,-6.0,,,,,,,,,,
2026-06-04_to_2026-06-05,2026-06-04T21:46:48,2026-06-04,2026-06-05,자동차,회피 우선,0.423822038425809,-0.1934100264131198,0.4984106356001101,-2.592069760531836,1,0,pykrx,2026-06-22T20:59:25,-3.1893993853336835,0.0,0.5973296248018474,5.0,7.0,0.0,1.0,0.0,0.0,0.0,2.0,,,,,,,,,,
2026-06-04_to_2026-06-05,2026-06-04T21:46:48,2026-06-04,2026-06-05,인터넷/플랫폼,회피 우선,0.4079982685792038,0.0647436282651346,0.5452085205930155,-3.691201641102098,0,0,pykrx,2026-06-22T20:59:25,-3.1893993853336835,0.0,-0.5018022557684145,9.0,8.0,0.0,0.0,0.0,0.0,0.0,-1.0,,,,,,,,,,
2026-06-04_to_2026-06-05,2026-06-04T21:46:48,2026-06-04,2026-06-05,철강/소재,회피 우선,0.3776802958219491,-0.124148946656056,0.5115581323591,-2.9790099555701297,1,0,pykrx,2026-06-22T20:59:25,-3.1893993853336835,0.0,0.2103894297635538,7.0,9.0,0.0,1.0,0.0,0.0,0.0,2.0,,,,,,,,,,
2026-06-04_to_2026-06-05,2026-06-04T21:46:48,2026-06-04,2026-06-05,화학/정유,회피 우선,0.3699868488044431,-0.2516878111281862,0.4917346934099417,-3.2513519774376167,1,0,pykrx,2026-06-22T20:59:25,-3.1893993853336835,0.0,-0.061952592103933224,8.0,10.0,0.0,0.0,0.0,0.0,0.0,2.0,,,,,,,,,,
2026-06-04_to_2026-06-05,2026-06-04T21:46:48,2026-06-04,2026-06-05,바이오,회피 우선,0.2521818500018003,-0.212266390577424,0.478402189103119,-2.1330395316276194,1,0,pykrx,2026-06-22T20:59:25,-3.1893993853336835,0.0,1.0563598537060641,4.0,11.0,0.0,1.0,0.0,0.0,0.0,7.0,,,,,,,,,,
2026-06-04_to_2026-06-05,2026-06-04T21:46:48,2026-06-04,2026-06-05,게임/엔터,회피 우선,0.2215790533299101,0.0363577078164549,0.5578365287970704,-2.636976051872729,0,0,pykrx,2026-06-22T20:59:25,-3.1893993853336835,0.0,0.5524233334609545,6.0,12.0,0.0,1.0,0.0,0.0,0.0,6.0,,,,,,,,,,
2026-06-05_to_2026-06-08,2026-06-07T21:46:36,2026-06-05,2026-06-08,반도체/전자,회피 우선,0.37,-0.0045656348386558,0.6624165256048076,-10.882381891158827,1,0,pykrx,2026-06-22T20:59:25,-6.905098400594842,0.0,-3.977283490563985,12.0,1.0,0.0,0.0,0.0,1.0,0.0,-11.0,,,,,,,,,,
2026-06-05_to_2026-06-08,2026-06-07T21:46:36,2026-06-05,2026-06-08,금융,회피 우선,0.37,-0.0941354892127399,0.5148841239415132,-6.9328855685774124,1,0,pykrx,2026-06-22T20:59:25,-6.905098400594842,0.0,-0.027787167982570082,7.0,2.0,0.0,0.0,0.0,1.0,0.0,-5.0,,,,,,,,,,
2026-06-05_to_2026-06-08,2026-06-07T21:46:36,2026-06-05,2026-06-08,조선/방산,회피 우선,0.3452090055534803,0.0159220998402091,0.5962679901986039,-7.636286580506415,0,0,pykrx,2026-06-22T20:59:25,-6.905098400594842,0.0,-0.7311881799115723,9.0,3.0,0.0,0.0,0.0,1.0,0.0,-6.0,,,,,,,,,,
2026-06-05_to_2026-06-08,2026-06-07T21:46:36,2026-06-05,2026-06-08,유통/소비,회피 우선,0.3319846091519007,-0.1501471138596614,0.5723875492091267,-4.452089430776071,1,0,pykrx,2026-06-22T20:59:25,-6.905098400594842,0.0,2.4530089698187716,1.0,4.0,0.0,1.0,1.0,0.0,0.0,3.0,,,,,,,,,,
2026-06-05_to_2026-06-08,2026-06-07T21:46:36,2026-06-05,2026-06-08,게임/엔터,회피 우선,0.2473226964361017,-0.1804964405583696,0.6201889935828176,-4.813974764671046,1,0,pykrx,2026-06-22T20:59:25,-6.905098400594842,0.0,2.091123635923797,2.0,5.0,0.0,1.0,1.0,0.0,0.0,3.0,,,,,,,,,,
2026-06-05_to_2026-06-08,2026-06-07T21:46:36,2026-06-05,2026-06-08,자동차,회피 우선,0.1548174735113532,-0.215470677559851,0.554613133652456,-5.355979510747985,1,0,pykrx,2026-06-22T20:59:25,-6.905098400594842,0.0,1.5491188898468575,4.0,6.0,0.0,1.0,0.0,0.0,0.0,2.0,,,,,,,,,,
2026-06-05_to_2026-06-08,2026-06-07T21:46:36,2026-06-05,2026-06-08,인터넷/플랫폼,회피 우선,0.1523614471492026,0.116871219578082,0.5996096721580673,-5.102654796894868,0,0,pykrx,2026-06-22T20:59:25,-6.905098400594842,0.0,1.8024436036999747,3.0,7.0,0.0,1.0,1.0,0.0,0.0,4.0,,,,,,,,,,
2026-06-05_to_2026-06-08,2026-06-07T21:46:36,2026-06-05,2026-06-08,2차전지,회피 우선,0.1220373000351366,0.0880569952609953,0.6142057641395773,-8.99610572935723,0,0,pykrx,2026-06-22T20:59:25,-6.905098400594842,0.0,-2.0910073287623883,11.0,8.0,0.0,0.0,0.0,0.0,0.0,-3.0,,,,,,,,,,
2026-06-05_to_2026-06-08,2026-06-07T21:46:36,2026-06-05,2026-06-08,바이오,회피 우선,0.1102421854578332,-0.3007421159976924,0.5938359632027178,-8.535353753934995,1,0,pykrx,2026-06-22T20:59:25,-6.905098400594842,0.0,-1.6302553533401527,10.0,9.0,0.0,0.0,0.0,0.0,0.0,-1.0,,,,,,,,,,
2026-06-05_to_2026-06-08,2026-06-07T21:46:36,2026-06-05,2026-06-08,통신,회피 우선,0.1072077860811845,-0.0506361443315606,0.640333393859289,-5.985863203758268,1,0,pykrx,2026-06-22T20:59:25,-6.905098400594842,0.0,0.9192351968365742,5.0,10.0,0.0,1.0,0.0,0.0,0.0,5.0,,,,,,,,,,
2026-06-05_to_2026-06-08,2026-06-07T21:46:36,2026-06-05,2026-06-08,화학/정유,회피 우선,0.0913714241783397,-0.1367073357309069,0.6234599846115979,-7.331830402765202,1,0,pykrx,2026-06-22T20:59:25,-6.905098400594842,0.0,-0.42673200217035934,8.0,11.0,0.0,0.0,0.0,0.0,0.0,3.0,,,,,,,,,,
2026-06-05_to_2026-06-08,2026-06-07T21:46:36,2026-06-05,2026-06-08,철강/소재,회피 우선,0.0803576854597016,-0.1732110470092109,0.5962351215551877,-6.835775173989791,1,0,pykrx,2026-06-22T20:59:25,-6.905098400594842,0.0,0.06932322660505097,6.0,12.0,0.0,1.0,0.0,0.0,0.0,6.0,,,,,,,,,,
2026-06-08_to_2026-06-09,2026-06-08T21:30:23,2026-06-08,2026-06-09,바이오,회피 우선,0.1634590354578332,0.6251331025669042,0.7016588559293938,5.293477231403916,1,0,pykrx,2026-06-22T20:59:25,3.972528643892664,1.0,1.3209485875112517,2.0,1.0,1.0,1.0,1.0,1.0,1.0,-1.0,,,,,,,,,,
2026-06-08_to_2026-06-09,2026-06-08T21:30:23,2026-06-08,2026-06-09,조선/방산,회피 우선,0.1520915888868137,0.573522120016975,0.7007042691073222,2.6297356978507733,1,0,pykrx,2026-06-22T20:59:25,3.972528643892664,1.0,-1.3427929460418908,10.0,2.0,1.0,0.0,0.0,1.0,0.0,-8.0,,,,,,,,,,
2026-06-08_to_2026-06-09,2026-06-08T21:30:23,2026-06-08,2026-06-09,통신,회피 우선,0.1326014860811844,0.5093980881528167,0.6371720359815647,3.144533454723158,1,0,pykrx,2026-06-22T20:59:25,3.972528643892664,1.0,-0.8279951891695063,8.0,3.0,1.0,0.0,0.0,1.0,0.0,-5.0,,,,,,,,,,
2026-06-08_to_2026-06-09,2026-06-08T21:30:23,2026-06-08,2026-06-09,철강/소재,회피 우선,0.1220904687930349,0.5606323179752569,0.6839060894504021,1.8694830219478653,1,0,pykrx,2026-06-22T20:59:25,3.972528643892664,1.0,-2.1030456219447986,11.0,4.0,1.0,0.0,0.0,0.0,0.0,-7.0,,,,,,,,,,
2026-06-08_to_2026-06-09,2026-06-08T21:30:23,2026-06-08,2026-06-09,화학/정유,회피 우선,0.117057257511673,0.5249442595050727,0.6868387523697057,3.4615511033728383,1,0,pykrx,2026-06-22T20:59:25,3.972528643892664,1.0,-0.5109775405198258,6.0,5.0,1.0,0.0,0.0,0.0,0.0,-1.0,,,,,,,,,,
2026-06-08_to_2026-06-09,2026-06-08T21:30:23,2026-06-08,2026-06-09,자동차,회피 우선,0.1123114235113532,0.4309775790599395,0.6587795092250559,3.1277519927865822,1,0,pykrx,2026-06-22T20:59:25,3.972528643892664,1.0,-0.8447766511060819,9.0,6.0,1.0,0.0,0.0,0.0,0.0,-3.0,,,,,,,,,,
2026-06-08_to_2026-06-09,2026-06-08T21:30:23,2026-06-08,2026-06-09,인터넷/플랫폼,회피 우선,0.1102789471492026,0.4136580948004196,0.6285264711295222,3.2400053709212213,1,0,pykrx,2026-06-22T20:59:25,3.972528643892664,1.0,-0.7325232729714428,7.0,7.0,1.0,0.0,0.0,0.0,0.0,0.0,,,,,,,,,,
2026-06-08_to_2026-06-09,2026-06-08T21:30:23,2026-06-08,2026-06-09,금융,회피 우선,0.1056279326028415,0.2328173072555701,0.6661735669499446,5.111409225348936,1,0,pykrx,2026-06-22T20:59:25,3.972528643892664,1.0,1.138880581456272,3.0,8.0,1.0,1.0,1.0,0.0,0.0,5.0,,,,,,,,,,
2026-06-08_to_2026-06-09,2026-06-08T21:30:23,2026-06-08,2026-06-09,유통/소비,회피 우선,0.1006986424852341,0.2182306217877039,0.6748315682376499,4.342603519606534,1,0,pykrx,2026-06-22T20:59:25,3.972528643892664,1.0,0.3700748757138701,5.0,9.0,1.0,1.0,0.0,0.0,0.0,4.0,,,,,,,,,,
2026-06-08_to_2026-06-09,2026-06-08T21:30:23,2026-06-08,2026-06-09,게임/엔터,회피 우선,0.084759679769435,0.3311717278424729,0.6507839027549407,1.0128722570680284,1,0,pykrx,2026-06-22T20:59:25,3.972528643892664,1.0,-2.9596563868246357,12.0,10.0,1.0,0.0,0.0,0.0,0.0,-2.0,,,,,,,,,,
2026-06-08_to_2026-06-09,2026-06-08T21:30:23,2026-06-08,2026-06-09,반도체/전자,회피 우선,0.0819741043829236,0.2110656201347189,0.664113185344261,9.64776296980164,1,0,pykrx,2026-06-22T20:59:25,3.972528643892664,1.0,5.675234325908976,1.0,11.0,1.0,1.0,1.0,0.0,0.0,10.0,,,,,,,,,,
2026-06-08_to_2026-06-09,2026-06-08T21:30:23,2026-06-08,2026-06-09,2차전지,회피 우선,0.0308489667018033,0.1966136922815528,0.6301567917154354,4.789157881880478,1,0,pykrx,2026-06-22T20:59:25,3.972528643892664,1.0,0.8166292379878142,4.0,12.0,1.0,1.0,0.0,0.0,0.0,8.0,,,,,,,,,,
2026-06-09_to_2026-06-10,2026-06-10T07:32:27,2026-06-09,2026-06-10,금융,보조 관찰,0.766753210315004,-0.095778382016615,0.4813437916606754,-1.7303040233372882,1,0,pykrx,2026-06-22T20:59:25,-1.0254476439446256,0.3333333333333333,-0.7048563793926625,8.0,1.0,0.0,0.0,0.0,1.0,0.0,-7.0,,,,,,,,,,
2026-06-09_to_2026-06-10,2026-06-10T07:32:27,2026-06-09,2026-06-10,조선/방산,보조 관찰,0.6844225259328433,-0.0195571824651242,0.5254286627105718,4.297151632694447,0,1,pykrx,2026-06-22T20:59:25,-1.0254476439446256,0.3333333333333333,5.322599276639073,1.0,2.0,1.0,1.0,1.0,1.0,1.0,1.0,,,,,,,,,,
2026-06-09_to_2026-06-10,2026-06-10T07:32:27,2026-06-09,2026-06-10,유통/소비,보조 관찰,0.6827423090299181,-0.1325048863687855,0.5093626653202592,0.9832403252829536,0,1,pykrx,2026-06-22T20:59:25,-1.0254476439446256,0.3333333333333333,2.008687969227579,2.0,3.0,1.0,1.0,1.0,1.0,1.0,1.0,,,,,,,,,,
2026-06-09_to_2026-06-10,2026-06-10T07:32:27,2026-06-09,2026-06-10,반도체/전자,보조 관찰,0.6790190070090085,-0.1070202005655962,0.4930414951975649,-3.2413144955401623,1,0,pykrx,2026-06-22T20:59:25,-1.0254476439446256,0.3333333333333333,-2.2158668515955364,11.0,4.0,0.0,0.0,0.0,0.0,0.0,-7.0,,,,,,,,,,
2026-06-09_to_2026-06-10,2026-06-10T07:32:27,2026-06-09,2026-06-10,2차전지,보조 관찰,0.6386469057739041,-0.044411996851654,0.4310689886763755,-1.3186610888879096,1,0,pykrx,2026-06-22T20:59:25,-1.0254476439446256,0.3333333333333333,-0.29321344494328394,6.0,5.0,0.0,0.0,0.0,0.0,0.0,-1.0,,,,,,,,,,
2026-06-09_to_2026-06-10,2026-06-10T07:32:27,2026-06-09,2026-06-10,통신,관망,0.5514376803485103,-0.0744712803063158,0.4595261173602942,-4.970004221907795,1,0,pykrx,2026-06-22T20:59:25,-1.0254476439446256,0.3333333333333333,-3.9445565779631693,12.0,6.0,0.0,0.0,0.0,0.0,0.0,-6.0,,,,,,,,,,
2026-06-09_to_2026-06-10,2026-06-10T07:32:27,2026-06-09,2026-06-10,게임/엔터,회피 우선,0.4952459901481805,-0.403459292324044,0.465761781203889,-1.3410025804492844,1,0,pykrx,2026-06-22T20:59:25,-1.0254476439446256,0.3333333333333333,-0.3155549365046588,7.0,7.0,0.0,0.0,0.0,0.0,0.0,0.0,,,,,,,,,,
2026-06-09_to_2026-06-10,2026-06-10T07:32:27,2026-06-09,2026-06-10,바이오,관망,0.4674869659477668,-0.1912980055462338,0.4891169206117208,-0.354703988248309,1,0,pykrx,2026-06-22T20:59:25,-1.0254476439446256,0.3333333333333333,0.6707436556963167,5.0,8.0,0.0,1.0,0.0,0.0,0.0,3.0,,,,,,,,,,
2026-06-09_to_2026-06-10,2026-06-10T07:32:27,2026-06-09,2026-06-10,인터넷/플랫폼,회피 우선,0.3911029300757573,-0.136756963826235,0.4898023527158039,-3.2302067515182533,1,0,pykrx,2026-06-22T20:59:25,-1.0254476439446256,0.3333333333333333,-2.2047591075736275,10.0,9.0,0.0,0.0,0.0,0.0,0.0,-1.0,,,,,,,,,,
2026-06-09_to_2026-06-10,2026-06-10T07:32:27,2026-06-09,2026-06-10,자동차,회피 우선,0.3856773045025404,-0.3739621079929618,0.4828110531404711,-1.989933805967646,1,0,pykrx,2026-06-22T20:59:25,-1.0254476439446256,0.3333333333333333,-0.9644861620230203,9.0,10.0,0.0,0.0,0.0,0.0,0.0,1.0,,,,,,,,,,
2026-06-09_to_2026-06-10,2026-06-10T07:32:27,2026-06-09,2026-06-10,철강/소재,회피 우선,0.3661417673839049,-0.301859816364093,0.494471196989122,0.3055484929262466,0,0,pykrx,2026-06-22T20:59:25,-1.0254476439446256,0.3333333333333333,1.3309961368708723,3.0,11.0,1.0,1.0,1.0,0.0,0.0,8.0,,,,,,,,,,
2026-06-09_to_2026-06-10,2026-06-10T07:32:27,2026-06-09,2026-06-10,화학/정유,회피 우선,0.3485734764168058,-0.2696591424753879,0.4760383249292076,0.2848187776174934,0,0,pykrx,2026-06-22T20:59:25,-1.0254476439446256,0.3333333333333333,1.310266421562119,4.0,12.0,1.0,1.0,0.0,0.0,0.0,8.0,,,,,,,,,,
2026-06-10_to_2026-06-11,2026-06-10T23:18:57,2026-06-10,2026-06-11,조선/방산,보조 관찰,0.7742349149196938,0.9409111093911072,0.604251763750103,-1.549662955744875,0,0,pykrx,2026-06-22T20:59:25,2.0870415120437285,0.75,-3.6367044677886033,12.0,1.0,0.0,0.0,0.0,1.0,0.0,-11.0,,,,,,,,,,
2026-06-10_to_2026-06-11,2026-06-10T23:18:57,2026-06-10,2026-06-11,금융,관망,0.5826518476237224,1.058480634943213,0.6603088616496808,0.1693408965925755,1,0,pykrx,2026-06-22T20:59:25,2.0870415120437285,0.75,-1.917700615451153,9.0,2.0,1.0,0.0,0.0,1.0,0.0,-7.0,,,,,,,,,,
2026-06-10_to_2026-06-11,2026-06-10T23:18:57,2026-06-10,2026-06-11,유통/소비,관망,0.49208897238328,0.7565432599546221,0.6480661090224106,2.7261362879323245,1,0,pykrx,2026-06-22T20:59:25,2.0870415120437285,0.75,0.6390947758885961,6.0,3.0,1.0,1.0,0.0,1.0,0.0,-3.0,,,,,,,,,,
2026-06-10_to_2026-06-11,2026-06-10T23:18:57,2026-06-10,2026-06-11,2차전지,관망,0.4460507098254861,0.8416567706938239,0.6137529094648053,3.885575632324721,1,0,pykrx,2026-06-22T20:59:25,2.0870415120437285,0.75,1.7985341202809924,3.0,4.0,1.0,1.0,1.0,0.0,0.0,1.0,,,,,,,,,,
2026-06-10_to_2026-06-11,2026-06-10T23:18:57,2026-06-10,2026-06-11,바이오,회피 우선,0.4373661405958814,0.6938111341232678,0.6404786741224096,1.857003892889679,1,0,pykrx,2026-06-22T20:59:25,2.0870415120437285,0.75,-0.2300376191540494,7.0,5.0,1.0,0.0,0.0,0.0,0.0,-2.0,,,,,,,,,,
2026-06-10_to_2026-06-11,2026-06-10T23:18:57,2026-06-10,2026-06-11,화학/정유,회피 우선,0.4218706297777341,0.3016547844535682,0.6057505097487652,3.6251205924546657,1,0,pykrx,2026-06-22T20:59:25,2.0870415120437285,0.75,1.5380790804109372,4.0,6.0,1.0,1.0,0.0,0.0,0.0,2.0,,,,,,,,,,
2026-06-10_to_2026-06-11,2026-06-10T23:18:57,2026-06-10,2026-06-11,자동차,회피 우선,0.3904054868943603,0.5827910506651276,0.6332630420136225,-0.2644956622815369,0,0,pykrx,2026-06-22T20:59:25,2.0870415120437285,0.75,-2.3515371743252653,10.0,7.0,0.0,0.0,0.0,0.0,0.0,-3.0,,,,,,,,,,
2026-06-10_to_2026-06-11,2026-06-10T23:18:57,2026-06-10,2026-06-11,철강/소재,회피 우선,0.3536023465330375,0.231441385392427,0.5500532486202276,-0.749121040909768,0,0,pykrx,2026-06-22T20:59:25,2.0870415120437285,0.75,-2.8361625529534966,11.0,8.0,0.0,0.0,0.0,0.0,0.0,-3.0,,,,,,,,,,
2026-06-10_to_2026-06-11,2026-06-10T23:18:57,2026-06-10,2026-06-11,게임/엔터,회피 우선,0.3478432576221423,0.5449953215617592,0.6175364230770457,4.019427803916599,1,0,pykrx,2026-06-22T20:59:25,2.0870415120437285,0.75,1.932386291872871,2.0,9.0,1.0,1.0,1.0,0.0,0.0,7.0,,,,,,,,,,
2026-06-10_to_2026-06-11,2026-06-10T23:18:57,2026-06-10,2026-06-11,반도체/전자,회피 우선,0.2516361927645854,1.129451434247266,0.6897109384741158,7.056799545166206,1,0,pykrx,2026-06-22T20:59:25,2.0870415120437285,0.75,4.969758033122478,1.0,10.0,1.0,1.0,1.0,0.0,0.0,9.0,,,,,,,,,,
2026-06-10_to_2026-06-11,2026-06-10T23:18:57,2026-06-10,2026-06-11,인터넷/플랫폼,회피 우선,0.1415019487009767,1.3331305987779094,0.6873021052079038,1.2525738900415704,1,0,pykrx,2026-06-22T20:59:25,2.0870415120437285,0.75,-0.8344676220021581,8.0,11.0,1.0,0.0,0.0,0.0,0.0,3.0,,,,,,,,,,
2026-06-10_to_2026-06-11,2026-06-10T23:18:57,2026-06-10,2026-06-11,통신,회피 우선,0.1262114963069366,1.657441802358733,0.7401643927008628,3.0157992621425804,1,0,pykrx,2026-06-22T20:59:25,2.0870415120437285,0.75,0.928757750098852,5.0,12.0,1.0,1.0,0.0,0.0,0.0,7.0,,,,,,,,,,
2026-06-11_to_2026-06-12,2026-06-11T21:50:23,2026-06-11,2026-06-12,반도체/전자,핵심 관찰,0.8274802464844618,-0.8078501357789185,0.470246140341424,11.268655272556892,0,1,pykrx,2026-06-22T20:59:25,3.7352961535430964,1.0,7.533359119013795,1.0,1.0,1.0,1.0,1.0,1.0,1.0,0.0,,,,,,,,,,
2026-06-11_to_2026-06-12,2026-06-11T21:50:23,2026-06-11,2026-06-12,통신,보조 관찰,0.6773993149331399,-0.062695869232135,0.5139905528084852,3.5689623105706523,0,1,pykrx,2026-06-22T20:59:25,3.7352961535430964,1.0,-0.16633384297244413,5.0,2.0,1.0,0.0,0.0,1.0,0.0,-3.0,,,,,,,,,,
2026-06-11_to_2026-06-12,2026-06-11T21:50:23,2026-06-11,2026-06-12,유통/소비,보조 관찰,0.6496964025617533,-0.231733610361309,0.4977301627432416,0.4202373227683648,0,1,pykrx,2026-06-22T20:59:25,3.7352961535430964,1.0,-3.3150588307747317,11.0,3.0,1.0,0.0,0.0,1.0,0.0,-8.0,,,,,,,,,,
2026-06-11_to_2026-06-12,2026-06-11T21:50:23,2026-06-11,2026-06-12,2차전지,관망,0.5859255336408808,-0.8895067462966679,0.3942627848853787,4.911738446812648,0,0,pykrx,2026-06-22T20:59:25,3.7352961535430964,1.0,1.1764422932695515,3.0,4.0,1.0,1.0,1.0,0.0,0.0,1.0,,,,,,,,,,
2026-06-11_to_2026-06-12,2026-06-11T21:50:23,2026-06-11,2026-06-12,금융,관망,0.58149284622464,-0.2726022166621893,0.5115875734077986,3.5260125089582663,0,0,pykrx,2026-06-22T20:59:25,3.7352961535430964,1.0,-0.20928364458483006,7.0,5.0,1.0,0.0,0.0,0.0,0.0,-2.0,,,,,,,,,,
2026-06-11_to_2026-06-12,2026-06-11T21:50:23,2026-06-11,2026-06-12,게임/엔터,관망,0.5238093296126421,-0.4580627261848191,0.4256664576883606,1.8149180619961531,0,0,pykrx,2026-06-22T20:59:25,3.7352961535430964,1.0,-1.9203780915469433,10.0,6.0,1.0,0.0,0.0,0.0,0.0,-4.0,,,,,,,,,,
2026-06-11_to_2026-06-12,2026-06-11T21:50:23,2026-06-11,2026-06-12,화학/정유,관망,0.4463051958757939,-0.3744703052424489,0.4468129182115556,2.795143085403872,0,0,pykrx,2026-06-22T20:59:25,3.7352961535430964,1.0,-0.9401530681392245,9.0,7.0,1.0,0.0,0.0,0.0,0.0,-2.0,,,,,,,,,,
2026-06-11_to_2026-06-12,2026-06-11T21:50:23,2026-06-11,2026-06-12,바이오,회피 우선,0.4421380279986149,-0.5028875180955024,0.4928524330292572,0.232584475461627,0,0,pykrx,2026-06-22T20:59:25,3.7352961535430964,1.0,-3.5027116780814693,12.0,8.0,1.0,0.0,0.0,0.0,0.0,-4.0,,,,,,,,,,
2026-06-11_to_2026-06-12,2026-06-11T21:50:23,2026-06-11,2026-06-12,조선/방산,회피 우선,0.440715219150355,-0.1515139894741946,0.6029633230521603,3.544415581207712,0,0,pykrx,2026-06-22T20:59:25,3.7352961535430964,1.0,-0.19088057233538436,6.0,9.0,1.0,0.0,0.0,0.0,0.0,3.0,,,,,,,,,,
2026-06-11_to_2026-06-12,2026-06-11T21:50:23,2026-06-11,2026-06-12,인터넷/플랫폼,관망,0.4357727648337383,-0.5851190620128249,0.418637855420054,2.8235923255195714,0,0,pykrx,2026-06-22T20:59:25,3.7352961535430964,1.0,-0.911703828023525,8.0,10.0,1.0,0.0,0.0,0.0,0.0,2.0,,,,,,,,,,
2026-06-11_to_2026-06-12,2026-06-11T21:50:23,2026-06-11,2026-06-12,자동차,회피 우선,0.3388556634723364,-0.401321905443857,0.4658759098476882,6.063176957624429,0,0,pykrx,2026-06-22T20:59:25,3.7352961535430964,1.0,2.3278808040813326,2.0,11.0,1.0,1.0,1.0,0.0,0.0,9.0,,,,,,,,,,
2026-06-11_to_2026-06-12,2026-06-11T21:50:23,2026-06-11,2026-06-12,철강/소재,회피 우선,0.2048517575591359,-0.2852211520543798,0.5240739350980435,3.85411749363697,0,0,pykrx,2026-06-22T20:59:25,3.7352961535430964,1.0,0.11882134009387357,4.0,12.0,1.0,1.0,0.0,0.0,0.0,8.0,,,,,,,,,,
2026-06-12_to_2026-06-15,2026-06-15T01:04:36,2026-06-12,2026-06-15,반도체/전자,핵심 관찰,0.8190761968287703,1.6371481541482007,0.7485361231447896,-0.168178239282415,0,0,pykrx,2026-06-22T20:59:25,2.670673758989621,0.8333333333333334,-2.8388519982720357,11.0,1.0,0.0,0.0,0.0,1.0,0.0,-10.0,1.6371481541482007,-2.470335363008849,5.7446316713052505,4.10748351715705,,,,,,
2026-06-12_to_2026-06-15,2026-06-15T01:04:36,2026-06-12,2026-06-15,자동차,보조 관찰,0.7511371131682998,1.7642324577902415,0.6950999155748747,5.518228743868871,1,1,pykrx,2026-06-22T20:59:25,2.670673758989621,0.8333333333333334,2.8475549848792503,2.0,2.0,1.0,1.0,1.0,1.0,1.0,0.0,1.7642324577902415,-1.100597940770357,4.62906285635084,2.8648303985605987,,,,,,
2026-06-12_to_2026-06-15,2026-06-15T01:04:36,2026-06-12,2026-06-15,금융,보조 관찰,0.7240635552916765,1.6815731893243748,0.6708200285711096,3.5466124446064105,1,1,pykrx,2026-06-22T20:59:25,2.670673758989621,0.8333333333333334,0.8759386856167897,5.0,3.0,1.0,1.0,0.0,1.0,0.0,-2.0,1.6815731893243748,-1.1310796487056878,4.494226027354437,2.8126528380300626,,,,,,
2026-06-12_to_2026-06-15,2026-06-15T01:04:36,2026-06-12,2026-06-15,조선/방산,보조 관찰,0.700363035839464,1.1958973123802397,0.6457709178303002,6.632598087133856,1,1,pykrx,2026-06-22T20:59:25,2.670673758989621,0.8333333333333334,3.9619243281442356,1.0,4.0,1.0,1.0,1.0,0.0,0.0,3.0,1.1958973123802397,-1.830735165106244,4.222529789866723,3.0266324774864835,,,,,,
2026-06-12_to_2026-06-15,2026-06-15T01:04:36,2026-06-12,2026-06-15,2차전지,보조 관찰,0.692157709635248,1.4395676473108072,0.6447105474688831,5.111191045194761,1,1,pykrx,2026-06-22T20:59:25,2.670673758989621,0.8333333333333334,2.44051728620514,3.0,5.0,1.0,1.0,1.0,0.0,0.0,2.0,1.4395676473108072,-2.6253754347871965,5.5045107294088105,4.064943082098004,,,,,,
2026-06-12_to_2026-06-15,2026-06-15T01:04:36,2026-06-12,2026-06-15,통신,관망,0.5450920593927288,1.5858826998385602,0.6765129995805786,-0.4638520801804555,0,0,pykrx,2026-06-22T20:59:25,2.670673758989621,0.8333333333333334,-3.134525839170076,12.0,6.0,0.0,0.0,0.0,0.0,0.0,-6.0,1.5858826998385602,-1.9869378412100944,5.158703240887215,3.5728205410486544,,,,,,
2026-06-12_to_2026-06-15,2026-06-15T01:04:36,2026-06-12,2026-06-15,철강/소재,관망,0.5408296532978828,1.438379825130701,0.6395697787799296,2.7226631152006693,1,0,pykrx,2026-06-22T20:59:25,2.670673758989621,0.8333333333333334,0.0519893562110485,6.0,7.0,1.0,1.0,0.0,0.0,0.0,1.0,1.438379825130701,-1.1977467757625235,4.074506426023925,2.6361266008932245,,,,,,
2026-06-12_to_2026-06-15,2026-06-15T01:04:36,2026-06-12,2026-06-15,인터넷/플랫폼,관망,0.4895658188795618,1.389077152672152,0.6114171834400752,2.120743117254987,1,0,pykrx,2026-06-22T20:59:25,2.670673758989621,0.8333333333333334,-0.5499306417346337,8.0,8.0,1.0,0.0,0.0,0.0,0.0,0.0,1.389077152672152,-1.2778854076938664,4.05603971303817,2.6669625603660183,,,,,,
2026-06-12_to_2026-06-15,2026-06-15T01:04:36,2026-06-12,2026-06-15,화학/정유,회피 우선,0.4087283686792392,1.2809653282847886,0.6260165049102147,3.659053065556776,1,0,pykrx,2026-06-22T20:59:25,2.670673758989621,0.8333333333333334,0.9883793065671553,4.0,9.0,1.0,1.0,0.0,0.0,0.0,5.0,1.2809653282847886,-1.8159851719003093,4.377915828469887,3.0969505001850983,,,,,,
2026-06-12_to_2026-06-15,2026-06-15T01:04:36,2026-06-12,2026-06-15,게임/엔터,회피 우선,0.3135139396545697,1.2398835180822936,0.6283072774812498,0.1870176825481094,1,0,pykrx,2026-06-22T20:59:25,2.670673758989621,0.8333333333333334,-2.483656076441511,10.0,10.0,1.0,0.0,0.0,0.0,0.0,0.0,1.2398835180822936,-1.274518580622732,3.7542856167873193,2.514402098705025,,,,,,
2026-06-12_to_2026-06-15,2026-06-15T01:04:36,2026-06-12,2026-06-15,유통/소비,회피 우선,0.3044926113837722,1.160666857088683,0.5884064032412559,0.9028013730800468,1,0,pykrx,2026-06-22T20:59:25,2.670673758989621,0.8333333333333334,-1.767872385909574,9.0,11.0,1.0,0.0,0.0,0.0,0.0,2.0,1.160666857088683,-0.6941512908051191,3.0154850049824846,1.854818147893802,,,,,,
2026-06-12_to_2026-06-15,2026-06-15T01:04:36,2026-06-12,2026-06-15,바이오,회피 우선,0.1582148961987149,0.980143943309635,0.5972189597953608,2.2792067528938307,1,0,pykrx,2026-06-22T20:59:25,2.670673758989621,0.8333333333333334,-0.3914670060957901,7.0,12.0,1.0,0.0,0.0,0.0,0.0,5.0,0.980143943309635,-1.4911823805474589,3.4514702671667283,2.471326323857093,,,,,,
2026-06-15_to_2026-06-16,2026-06-15T23:27:39,2026-06-15,2026-06-16,2차전지,보조 관찰,0.7347491093399959,1.0078827392311882,0.6498545947552887,-1.2829781132396851,0,0,pykrx,2026-06-22T20:59:25,0.21715892284389224,0.5833333333333334,-1.5001370360835773,11.0,1.0,0.0,0.0,0.0,1.0,0.0,-10.0,1.0078827392311882,-3.034726616171181,5.050492094633558,4.042609355402369,,,,,,
2026-06-15_to_2026-06-16,2026-06-15T23:27:39,2026-06-15,2026-06-16,금융,보조 관찰,0.7224031475031677,1.1962754950593917,0.6563532748646687,1.7742511045200575,1,1,pykrx,2026-06-22T20:59:25,0.21715892284389224,0.5833333333333334,1.5570921816761654,3.0,2.0,1.0,1.0,1.0,1.0,1.0,-1.0,1.1962754950593917,-1.550380368522542,3.942931358641325,2.7466558635819336,,,,,,
2026-06-15_to_2026-06-16,2026-06-15T23:27:39,2026-06-15,2026-06-16,자동차,보조 관찰,0.7212914881682996,1.3096453473057976,0.6833025278534435,2.7490089093576,1,1,pykrx,2026-06-22T20:59:25,0.21715892284389224,0.5833333333333334,2.5318499865137074,2.0,3.0,1.0,1.0,1.0,1.0,1.0,1.0,1.3096453473057976,-1.607592464927904,4.226883159539499,2.9172378122337017,,,,,,
2026-06-15_to_2026-06-16,2026-06-15T23:27:39,2026-06-15,2026-06-16,조선/방산,보조 관찰,0.6901822128129057,1.645024995151773,0.7359858407893516,3.949527427802478,1,1,pykrx,2026-06-22T20:59:25,0.21715892284389224,0.5833333333333334,3.7323685049585857,1.0,4.0,1.0,1.0,1.0,0.0,0.0,3.0,1.645024995151773,-1.3463659061343038,4.63641589643785,2.991390901286077,,,,,,
2026-06-15_to_2026-06-16,2026-06-15T23:27:39,2026-06-15,2026-06-16,반도체/전자,보조 관찰,0.6480540896856478,0.5847503794212036,0.6641731138753864,-4.4462523471921,0,0,pykrx,2026-06-22T20:59:25,0.21715892284389224,0.5833333333333334,-4.663411270035993,12.0,5.0,0.0,0.0,0.0,0.0,0.0,-7.0,0.5847503794212036,-3.502634475178586,4.672135234020993,4.087384854599789,,,,,,
2026-06-15_to_2026-06-16,2026-06-15T23:27:39,2026-06-15,2026-06-16,유통/소비,회피 우선,0.5742745304859251,0.5386875477499692,0.6155805458329346,1.005122427245042,1,0,pykrx,2026-06-22T20:59:25,0.21715892284389224,0.5833333333333334,0.7879635044011498,5.0,6.0,1.0,1.0,0.0,0.0,0.0,1.0,0.5386875477499692,-1.3145936817839077,2.391968777283846,1.8532812295338768,,,,,,
2026-06-15_to_2026-06-16,2026-06-15T23:27:39,2026-06-15,2026-06-16,바이오,관망,0.5338335286570589,0.8098741129189366,0.633061966366675,0.0466823390968599,1,0,pykrx,2026-06-22T20:59:25,0.21715892284389224,0.5833333333333334,-0.17047658374703234,7.0,7.0,1.0,0.0,0.0,0.0,0.0,0.0,0.8098741129189366,-1.6706538826116573,3.2904021084495305,2.480527995530594,,,,,,
2026-06-15_to_2026-06-16,2026-06-15T23:27:39,2026-06-15,2026-06-16,화학/정유,회피 우선,0.4251276271541258,0.7216449504300463,0.6263020912501365,1.048917658627737,1,0,pykrx,2026-06-22T20:59:25,0.21715892284389224,0.5833333333333334,0.8317587357838446,4.0,8.0,1.0,1.0,0.0,0.0,0.0,4.0,0.7216449504300463,-2.3145945006001734,3.7578844014602657,3.0362394510302195,,,,,,
2026-06-15_to_2026-06-16,2026-06-15T23:27:39,2026-06-15,2026-06-16,통신,관망,0.4155860259107213,0.6709845124428712,0.6204587428364783,-1.2613131724563718,0,0,pykrx,2026-06-22T20:59:25,0.21715892284389224,0.5833333333333334,-1.478472095300264,10.0,9.0,0.0,0.0,0.0,0.0,0.0,-1.0,0.6709845124428712,-2.859862175440634,4.201831200326376,3.530846687883505,,,,,,
2026-06-15_to_2026-06-16,2026-06-15T23:27:39,2026-06-15,2026-06-16,인터넷/플랫폼,회피 우선,0.3996754054091651,0.8197334526840239,0.5986375889207805,-0.914754224232538,0,0,pykrx,2026-06-22T20:59:25,0.21715892284389224,0.5833333333333334,-1.1319131470764303,9.0,10.0,0.0,0.0,0.0,0.0,0.0,1.0,0.8197334526840239,-1.8290880688944364,3.468554974262484,2.6488215215784603,,,,,,
2026-06-15_to_2026-06-16,2026-06-15T23:27:39,2026-06-15,2026-06-16,철강/소재,회피 우선,0.3647291677893778,0.8199885558833003,0.6117946340733761,0.2511846760569696,1,0,pykrx,2026-06-22T20:59:25,0.21715892284389224,0.5833333333333334,0.03402575321307735,6.0,11.0,1.0,1.0,0.0,0.0,0.0,5.0,0.8199885558833003,-1.7950927985510696,3.43506991031767,2.61508135443437,,,,,,
2026-06-15_to_2026-06-16,2026-06-15T23:27:39,2026-06-15,2026-06-16,게임/엔터,회피 우선,0.1146787858154293,0.6995715152565607,0.6456143830687475,-0.3134896114593417,0,0,pykrx,2026-06-22T20:59:25,0.21715892284389224,0.5833333333333334,-0.5306485343032339,8.0,12.0,0.0,0.0,0.0,0.0,0.0,4.0,0.6995715152565607,-1.792412330810849,3.1915553613239704,2.4919838460674097,,,,,,
2026-06-16_to_2026-06-17,2026-06-16T16:35:39,2026-06-16,2026-06-17,조선/방산,핵심 관찰,0.8448225712241881,0.3858986602112995,0.6509050600925582,0.0459749451316483,1,1,pykrx,2026-06-22T20:59:25,-0.3936320260503438,0.3333333333333333,0.4396069711819921,4.0,1.0,1.0,1.0,0.0,1.0,0.0,-3.0,0.3858986602112995,-2.6474426419580954,3.4192399623806944,3.033341302169395,,,,,,
2026-06-16_to_2026-06-17,2026-06-16T16:35:39,2026-06-16,2026-06-17,자동차,보조 관찰,0.7323927322458093,0.3470611455075512,0.6117518135133043,-2.238869807069414,0,0,pykrx,2026-06-22T20:59:25,-0.3936320260503438,0.3333333333333333,-1.8452377810190703,12.0,2.0,0.0,0.0,0.0,1.0,0.0,-10.0,0.3470611455075512,-2.537781744305669,3.231904035320772,2.8848428898132203,,,,,,
2026-06-16_to_2026-06-17,2026-06-16T16:35:39,2026-06-16,2026-06-17,금융,보조 관찰,0.7310022685964395,0.4430432624050798,0.5255970463482212,-1.844804218987563,0,0,pykrx,2026-06-22T20:59:25,-0.3936320260503438,0.3333333333333333,-1.4511721929372192,10.0,3.0,0.0,0.0,0.0,1.0,0.0,-7.0,0.4430432624050798,-2.310116482293172,3.1962030071033314,2.753159744698252,,,,,,
2026-06-16_to_2026-06-17,2026-06-16T16:35:39,2026-06-16,2026-06-17,화학/정유,회피 우선,0.4595840765038635,0.2451395488894915,0.573737592290116,-0.8550765381703496,0,0,pykrx,2026-06-22T20:59:25,-0.3936320260503438,0.3333333333333333,-0.46144451212000576,8.0,4.0,0.0,0.0,0.0,0.0,0.0,-4.0,0.2451395488894915,-2.834722290152818,3.325001387931801,3.0798618390423096,,,,,,
2026-06-16_to_2026-06-17,2026-06-16T16:35:39,2026-06-16,2026-06-17,통신,관망,0.4034455803982881,0.3042688951851121,0.5567543771102075,-2.1242505834057317,0,0,pykrx,2026-06-22T20:59:25,-0.3936320260503438,0.3333333333333333,-1.7306185573553878,11.0,5.0,0.0,0.0,0.0,0.0,0.0,-6.0,0.3042688951851121,-3.224505529116944,3.833043319487168,3.528774424302056,,,,,,
2026-06-16_to_2026-06-17,2026-06-16T16:35:39,2026-06-16,2026-06-17,인터넷/플랫폼,회피 우선,0.4032684668509382,0.3513434529557956,0.5407202234601834,-0.1735867088357891,0,0,pykrx,2026-06-22T20:59:25,-0.3936320260503438,0.3333333333333333,0.2200453172145547,5.0,6.0,0.0,1.0,0.0,0.0,0.0,1.0,0.3513434529557956,-2.281070462934357,2.983757368845948,2.6324139158901523,,,,,,
2026-06-16_to_2026-06-17,2026-06-16T16:35:39,2026-06-16,2026-06-17,철강/소재,회피 우선,0.378830016691686,0.1345294666050522,0.5578748166198977,-0.6969564167029184,0,0,pykrx,2026-06-22T20:59:25,-0.3936320260503438,0.3333333333333333,-0.3033243906525746,6.0,7.0,0.0,0.0,0.0,0.0,0.0,1.0,0.1345294666050522,-2.4901623589881194,2.7592212921982235,2.6246918255931715,,,,,,
2026-06-16_to_2026-06-17,2026-06-16T16:35:39,2026-06-16,2026-06-17,반도체/전자,회피 우선,0.3666758656912254,0.2680796049373932,0.5653285987882216,0.8520739349509613,1,0,pykrx,2026-06-22T20:59:25,-0.3936320260503438,0.3333333333333333,1.245705961001305,3.0,8.0,1.0,1.0,1.0,0.0,0.0,5.0,0.2680796049373932,-3.842860209431609,4.379019419306395,4.110939814369003,,,,,,
2026-06-16_to_2026-06-17,2026-06-16T16:35:39,2026-06-16,2026-06-17,게임/엔터,회피 우선,0.3637837077626948,0.35259808893752,0.5936068943633066,1.7801680489849914,1,0,pykrx,2026-06-22T20:59:25,-0.3936320260503438,0.3333333333333333,2.1738000750353352,2.0,9.0,1.0,1.0,1.0,0.0,0.0,7.0,0.35259808893752,-2.1124249957406414,2.8176211736156813,2.4650230846781613,,,,,,
2026-06-16_to_2026-06-17,2026-06-16T16:35:39,2026-06-16,2026-06-17,바이오,회피 우선,0.3618785955536525,0.301451259223432,0.5854760384093177,3.068296635478468,1,0,pykrx,2026-06-22T20:59:25,-0.3936320260503438,0.3333333333333333,3.461928661528812,1.0,10.0,1.0,1.0,1.0,0.0,0.0,9.0,0.301451259223432,-2.1606986661474754,2.76360118459434,2.462149925370908,,,,,,
2026-06-16_to_2026-06-17,2026-06-16T16:35:39,2026-06-16,2026-06-17,유통/소비,회피 우선,0.3575631220834512,0.2677497559305969,0.5594434423772201,-0.7831119428633277,0,0,pykrx,2026-06-22T20:59:25,-0.3936320260503438,0.3333333333333333,-0.38947991681298394,7.0,11.0,0.0,0.0,0.0,0.0,0.0,4.0,0.2677497559305969,-1.55858673311742,2.0940862449786137,1.826336489048017,,,,,,
2026-06-16_to_2026-06-17,2026-06-16T16:35:39,2026-06-16,2026-06-17,2차전지,회피 우선,0.302722823204292,0.1010352382619143,0.554787260246042,-1.753441661115101,0,0,pykrx,2026-06-22T20:59:25,-0.3936320260503438,0.3333333333333333,-1.359809635064757,9.0,12.0,0.0,0.0,0.0,0.0,0.0,3.0,0.1010352382619143,-3.966742216090152,4.168812692613981,4.067777454352067,,,,,,
2026-06-17_to_2026-06-18,2026-06-18T00:30:17,2026-06-17,2026-06-18,조선/방산,관망,0.6849465054944139,0.2060382251041258,0.5425709277008988,-5.377896359901002,0,0,pykrx,2026-06-22T20:59:25,-3.1519636916880596,0.0,-2.2259326682129426,12.0,1.0,0.0,0.0,0.0,1.0,0.0,-11.0,0.1623885973653279,-2.768513091594092,3.296800309392525,3.1344117120271973,,,,,,
2026-06-17_to_2026-06-18,2026-06-18T00:30:17,2026-06-17,2026-06-18,바이오,회피 우선,0.6709152222619893,0.4124042988139549,0.5379010662250988,-2.4524838717536404,0,0,pykrx,2026-06-22T20:59:25,-3.1519636916880596,0.0,0.6994798199344192,4.0,2.0,0.0,1.0,0.0,1.0,0.0,-2.0,0.1933184594519678,-2.2210681101372467,2.734853275729579,2.5415348162776112,,,,,,
2026-06-17_to_2026-06-18,2026-06-18T00:30:17,2026-06-17,2026-06-18,반도체/전자,방어 관찰,0.6690926201109346,0.231956286104046,0.4780519238119193,-0.3150768438256759,0,0,pykrx,2026-06-22T20:59:25,-3.1519636916880596,0.0,2.8368868478623837,1.0,3.0,0.0,1.0,1.0,1.0,1.0,2.0,0.1156663212979572,-3.3307899274746138,3.9435975020270777,3.827931180729121,,,,,,
2026-06-17_to_2026-06-18,2026-06-18T00:30:17,2026-06-17,2026-06-18,게임/엔터,관망,0.5169716389367232,0.2965483007021437,0.5484144398142454,-2.5367675331534083,0,0,pykrx,2026-06-22T20:59:25,-3.1519636916880596,0.0,0.6151961585346513,5.0,4.0,0.0,1.0,0.0,0.0,0.0,-1.0,0.1698421402676469,-2.1204383113172414,2.5532111647818407,2.383369024514194,,,,,,
2026-06-17_to_2026-06-18,2026-06-18T00:30:17,2026-06-17,2026-06-18,화학/정유,회피 우선,0.4554392687096169,-0.0437818832548531,0.4764358402669378,-3.4131314074104018,1,0,pykrx,2026-06-22T20:59:25,-3.1519636916880596,0.0,-0.2611677157223422,7.0,5.0,0.0,0.0,0.0,0.0,0.0,-2.0,0.0681509890877093,-2.5537118836652626,2.861077474016086,2.7929264849283766,,,,,,
2026-06-17_to_2026-06-18,2026-06-18T00:30:17,2026-06-17,2026-06-18,인터넷/플랫폼,회피 우선,0.4345498861486361,0.1185167269802192,0.4780304913777945,-2.615120447482009,0,0,pykrx,2026-06-22T20:59:25,-3.1519636916880596,0.0,0.5368432442060507,6.0,6.0,0.0,1.0,0.0,0.0,0.0,0.0,0.114613076158372,-2.263339297021689,2.6474406106759387,2.532827534517567,,,,,,
2026-06-17_to_2026-06-18,2026-06-18T00:30:17,2026-06-17,2026-06-18,통신,회피 우선,0.3592936577487577,-0.0591435439244915,0.4966214099218318,-3.490881492221053,1,0,pykrx,2026-06-22T20:59:25,-3.1519636916880596,0.0,-0.3389178005329936,8.0,7.0,0.0,0.0,0.0,0.0,0.0,-1.0,0.0657169704157621,-2.9184312821308804,3.2039381352345035,3.138221164818741,,,,,,
2026-06-17_to_2026-06-18,2026-06-18T00:30:17,2026-06-17,2026-06-18,금융,회피 우선,0.3299995885590607,-0.0048706156268108,0.5026345355101505,-1.7077701287365126,1,0,pykrx,2026-06-22T20:59:25,-3.1519636916880596,0.0,1.444193562951547,2.0,8.0,0.0,1.0,1.0,0.0,0.0,6.0,0.0856572321924198,-2.537038424648118,3.17868981551674,3.0930325833243195,,,,,,
2026-06-17_to_2026-06-18,2026-06-18T00:30:17,2026-06-17,2026-06-18,자동차,회피 우선,0.3149196275356898,-0.1781780439646367,0.4830539290774582,-4.569009587326338,1,0,pykrx,2026-06-22T20:59:25,-3.1519636916880596,0.0,-1.4170458956382785,10.0,9.0,0.0,0.0,0.0,0.0,0.0,-1.0,0.0394830612248254,-2.728784863496184,3.0721709542847755,3.03268789305995,,,,,,
2026-06-17_to_2026-06-18,2026-06-18T00:30:17,2026-06-17,2026-06-18,유통/소비,회피 우선,0.2589760572587302,-0.0178785161570928,0.5271947644416741,-2.2069611035386107,1,0,pykrx,2026-06-22T20:59:25,-3.1519636916880596,0.0,0.9450025881494488,3.0,10.0,0.0,1.0,1.0,0.0,0.0,7.0,0.0626371188856799,-1.8372065179705424,2.1006776666027305,2.0380405477170505,,,,,,
2026-06-17_to_2026-06-18,2026-06-18T00:30:17,2026-06-17,2026-06-18,2차전지,회피 우선,0.1986656187220249,-0.1986047075777433,0.4415546590421489,-5.172450894320395,1,0,pykrx,2026-06-22T20:59:25,-3.1519636916880596,0.0,-2.0204872026323355,11.0,11.0,0.0,0.0,0.0,0.0,0.0,0.0,0.0155244769720566,-3.6112586651939793,3.8446292895402254,3.82910481256817,,,,,,
2026-06-17_to_2026-06-18,2026-06-18T00:30:17,2026-06-17,2026-06-18,철강/소재,회피 우선,0.1906664095412544,-0.1426209417362708,0.4403836111880165,-3.9660146305876656,1,0,pykrx,2026-06-22T20:59:25,-3.1519636916880596,0.0,-0.814050938899606,9.0,12.0,0.0,0.0,0.0,0.0,0.0,3.0,0.0262478726075482,-2.548482655658721,2.655295031972002,2.629047159364454,,,,,,
2026-06-18_to_2026-06-19,2026-06-19T00:52:18,2026-06-18,2026-06-19,반도체/전자,회피 우선,0.3778650250413566,0.7793683273185755,0.5680492216253803,-3.642441929290932,0,0,pykrx,2026-06-22T20:59:25,-2.378064589933532,0.0,-1.2643773393574,11.0,1.0,0.0,0.0,0.0,1.0,0.0,-10.0,0.4914253751526616,-2.863105654762593,4.099315013621991,3.60788963846933,,,,,,
2026-06-18_to_2026-06-19,2026-06-19T00:52:18,2026-06-18,2026-06-19,금융,회피 우선,0.3770069991626082,0.5098020348004445,0.5491365930752936,-1.3567471322836422,0,0,pykrx,2026-06-22T20:59:25,-2.378064589933532,0.0,1.0213174576498898,1.0,2.0,0.0,1.0,1.0,1.0,1.0,1.0,0.4125069928409102,-1.927595666276512,3.2395943040941813,2.827087311253271,,,,,,
2026-06-18_to_2026-06-19,2026-06-19T00:52:18,2026-06-18,2026-06-19,유통/소비,회피 우선,0.375508190973254,0.3414511820605965,0.5740519113278886,-1.4320988769079124,0,0,pykrx,2026-06-22T20:59:25,-2.378064589933532,0.0,0.9459657130256196,3.0,3.0,0.0,1.0,1.0,1.0,1.0,0.0,0.3390321236335267,-1.413049509623927,2.317841307198658,1.978809183565132,,,,,,
2026-06-18_to_2026-06-19,2026-06-19T00:52:18,2026-06-18,2026-06-19,바이오,회피 우선,0.3738924789187774,0.4257022578338499,0.5981259250935868,-2.9784782123557347,0,0,pykrx,2026-06-22T20:59:25,-2.378064589933532,0.0,-0.6004136224222028,9.0,4.0,0.0,0.0,0.0,0.0,0.0,-5.0,0.3874792415923275,-1.888433829003124,2.9720935869774454,2.584614345385118,,,,,,
2026-06-18_to_2026-06-19,2026-06-19T00:52:18,2026-06-18,2026-06-19,게임/엔터,회피 우선,0.3715153829487909,0.3748191234317085,0.6012442210943882,-1.8401667146917469,0,0,pykrx,2026-06-22T20:59:25,-2.378064589933532,0.0,0.5378978752417851,6.0,5.0,0.0,1.0,0.0,0.0,0.0,-1.0,0.3493813560383168,-1.7616370813419615,2.648267537644444,2.298886181606127,,,,,,
2026-06-18_to_2026-06-19,2026-06-19T00:52:18,2026-06-18,2026-06-19,통신,회피 우선,0.3705643763997296,0.2738557261984672,0.5155440142662586,-4.161844473747516,0,0,pykrx,2026-06-22T20:59:25,-2.378064589933532,0.0,-1.7837798838139842,12.0,6.0,0.0,0.0,0.0,0.0,0.0,-6.0,0.3881943078522296,-2.322428128095273,3.4726366527368664,3.084442344884637,,,,,,
2026-06-18_to_2026-06-19,2026-06-19T00:52:18,2026-06-18,2026-06-19,인터넷/플랫폼,회피 우선,0.3629664224709772,0.3555530295674891,0.540852967170941,-2.222786093221207,0,0,pykrx,2026-06-22T20:59:25,-2.378064589933532,0.0,0.15527849671232508,7.0,7.0,0.0,1.0,0.0,0.0,0.0,0.0,0.3555643564256756,-1.7937642490268506,2.8727034928864565,2.5171391364607807,,,,,,
2026-06-18_to_2026-06-19,2026-06-19T00:52:18,2026-06-18,2026-06-19,조선/방산,회피 우선,0.3441672011560008,0.2397480065173542,0.561425524153669,-1.7595485403837146,0,0,pykrx,2026-06-22T20:59:25,-2.378064589933532,0.0,0.6185160495498174,5.0,8.0,0.0,1.0,0.0,0.0,0.0,3.0,0.3176651718216975,-2.3759715038670146,3.576374871267565,3.2587096994458675,,,,,,
2026-06-18_to_2026-06-19,2026-06-19T00:52:18,2026-06-18,2026-06-19,화학/정유,회피 우선,0.3078978356352156,0.230177639316541,0.5442291144354907,-3.388956766337311,0,0,pykrx,2026-06-22T20:59:25,-2.378064589933532,0.0,-1.0108921764037788,10.0,9.0,0.0,0.0,0.0,0.0,0.0,-1.0,0.319362458829278,-2.116667229389024,3.1481213085082014,2.828758849678924,,,,,,
2026-06-18_to_2026-06-19,2026-06-19T00:52:18,2026-06-18,2026-06-19,자동차,회피 우선,0.2155908867052848,0.1833601709082671,0.5171595386093977,-1.4557350440930987,0,0,pykrx,2026-06-22T20:59:25,-2.378064589933532,0.0,0.9223295458404333,4.0,10.0,0.0,1.0,0.0,0.0,0.0,6.0,0.3161353137794461,-2.0357189124941115,3.242736392572187,2.926601078792741,,,,,,
2026-06-18_to_2026-06-19,2026-06-19T00:52:18,2026-06-18,2026-06-19,철강/소재,회피 우선,0.1784144772768752,0.2474219814293787,0.5398697734648559,-2.9381181342929645,0,0,pykrx,2026-06-22T20:59:25,-2.378064589933532,0.0,-0.5600535443594326,8.0,11.0,0.0,0.0,0.0,0.0,0.0,3.0,0.3190900731018317,-1.8521847311681336,3.0955577917484005,2.7764677186465687,,,,,,
2026-06-18_to_2026-06-19,2026-06-19T00:52:18,2026-06-18,2026-06-19,2차전지,회피 우선,0.1251314562825226,-0.0239421888198344,0.4582523746618622,-1.359853161596602,1,0,pykrx,2026-06-22T20:59:25,-2.378064589933532,0.0,1.01821142833693,2.0,12.0,0.0,1.0,1.0,0.0,0.0,10.0,0.3032492859157563,-3.318218488065291,4.137790624072558,3.834541338156802,,,,,,
2026-06-19_to_2026-06-22,2026-06-21T23:58:46,2026-06-19,2026-06-22,조선/방산,회피 우선,0.384241103777909,0.9035063991202756,0.5553761978103166,-2.99946516626472,0,0,pykrx,2026-06-22T20:59:25,-1.9960121555082513,0.08333333333333333,-1.0034530107564688,10.0,1.0,0.0,0.0,0.0,1.0,0.0,-9.0,0.8104745930198922,-3.910440949321031,4.588032926185603,4.412544144145426,0.8104745930198922,-3.910440949321031,5.3872640727634735,9.297705022084504,상승 가능/오차 큼,낮음
2026-06-19_to_2026-06-22,2026-06-21T23:58:46,2026-06-19,2026-06-22,자동차,회피 우선,0.3779127297437933,0.4536149837643188,0.5024562968396542,-4.609438957646684,0,0,pykrx,2026-06-22T20:59:25,-1.9960121555082513,0.08333333333333333,-2.6134268021384326,12.0,2.0,0.0,0.0,0.0,1.0,0.0,-10.0,0.688789328405842,-3.7627672914338266,3.993202452946576,3.9393989355204497,0.688789328405842,-3.7627672914338266,4.6756949210250935,8.43846221245892,상승 가능/오차 큼,낮음
2026-06-19_to_2026-06-22,2026-06-21T23:58:46,2026-06-19,2026-06-22,화학/정유,회피 우선,0.3756418782549255,0.4021720218092073,0.5104719483544131,-1.6320951162269417,0,0,pykrx,2026-06-22T20:59:25,-1.9960121555082513,0.08333333333333333,0.3639170392813096,2.0,3.0,0.0,1.0,1.0,1.0,1.0,1.0,0.6343157745577731,-3.9409552152111225,4.243927420017785,4.244597456439727,0.6343157745577731,-3.9409552152111225,4.947449725563937,8.88840494077506,상승 가능/오차 큼,낮음
2026-06-19_to_2026-06-22,2026-06-21T23:58:46,2026-06-19,2026-06-22,철강/소재,회피 우선,0.3720599969290534,0.3436816623739973,0.5046243272047111,-2.684354450707211,0,0,pykrx,2026-06-22T20:59:25,-1.9960121555082513,0.08333333333333333,-0.6883422951989597,9.0,4.0,0.0,0.0,0.0,0.0,0.0,-5.0,0.5984922689782067,-3.6700201515664497,3.922888177553064,3.959381719554573,0.5984922689782067,-3.6700201515664497,4.80685616392095,8.4768763154874,상승 가능/오차 큼,낮음
2026-06-19_to_2026-06-22,2026-06-21T23:58:46,2026-06-19,2026-06-22,2차전지,회피 우선,0.3708494578156568,0.2853128961263163,0.4498670541652035,-1.817131421521708,0,0,pykrx,2026-06-22T20:59:25,-1.9960121555082513,0.08333333333333333,0.17888073398654325,4.0,5.0,0.0,1.0,0.0,0.0,0.0,1.0,0.6049786936043772,-5.131968690338878,4.854263262553252,4.884270379928589,0.6049786936043772,-5.131968690338878,5.007000087279024,10.1389687776179,상승 가능/오차 큼,낮음
2026-06-19_to_2026-06-22,2026-06-21T23:58:46,2026-06-19,2026-06-22,금융,회피 우선,0.3679585458188227,0.3888202073442837,0.4990796354708525,-3.809927927760942,0,0,pykrx,2026-06-22T20:59:25,-1.9960121555082513,0.08333333333333333,-1.8139157722526906,11.0,6.0,0.0,0.0,0.0,0.0,0.0,-5.0,0.5106525888815532,-3.7551918020319577,3.565003692389112,3.6893369144872734,0.5106525888815532,-3.7551918020319577,3.978849337180572,7.73404113921253,상승 가능/오차 큼,낮음
2026-06-19_to_2026-06-22,2026-06-21T23:58:46,2026-06-19,2026-06-22,유통/소비,회피 우선,0.3672124105972791,0.3140640579897641,0.5524923533288544,-2.65945168278524,0,0,pykrx,2026-06-22T20:59:25,-1.9960121555082513,0.08333333333333333,-0.6634395272769888,8.0,7.0,0.0,0.0,0.0,0.0,0.0,-1.0,0.4571255957893866,-3.23674036044468,2.573305984724371,2.7511661999146995,0.4571255957893866,-3.23674036044468,2.862404004396595,6.099144364841274,상승 중심/하단 음수,낮음
2026-06-19_to_2026-06-22,2026-06-21T23:58:46,2026-06-19,2026-06-22,게임/엔터,회피 우선,0.3654888313417551,0.3370552331690242,0.595524779495348,-1.9982949613893732,0,0,pykrx,2026-06-22T20:59:25,-1.9960121555082513,0.08333333333333333,-0.002282805881121952,5.0,8.0,0.0,0.0,0.0,0.0,0.0,3.0,0.4670293342812329,-3.5416446445358485,3.060482398419108,3.22843887511759,0.4670293342812329,-3.5416446445358485,3.190499050721295,6.732143695257143,상승 가능/오차 큼,낮음
2026-06-19_to_2026-06-22,2026-06-21T23:58:46,2026-06-19,2026-06-22,바이오,회피 우선,0.3518262973148388,0.2911500815016338,0.5481841739430875,-2.260214301481087,0,0,pykrx,2026-06-22T20:59:25,-1.9960121555082513,0.08333333333333333,-0.26420214597283587,7.0,9.0,0.0,0.0,0.0,0.0,0.0,2.0,0.487103935337454,-3.802778558793455,3.729154719881832,3.877036595524093,0.487103935337454,-3.802778558793455,4.547085744728419,8.349864303521874,상승 가능/오차 큼,낮음
2026-06-19_to_2026-06-22,2026-06-21T23:58:46,2026-06-19,2026-06-22,인터넷/플랫폼,회피 우선,0.3489284394812429,0.3000395290019111,0.5209095610574965,-1.7351450210465913,0,0,pykrx,2026-06-22T20:59:25,-1.9960121555082513,0.08333333333333333,0.26086713446166,3.0,10.0,0.0,1.0,1.0,0.0,0.0,7.0,0.4791087116538768,-3.684916401602922,3.371074725162269,3.5269518244881075,0.4791087116538768,-3.684916401602922,3.683625787196469,7.368542188799391,상승 가능/오차 큼,낮음
2026-06-19_to_2026-06-22,2026-06-21T23:58:46,2026-06-19,2026-06-22,통신,회피 우선,0.2856699099549124,0.188118491421157,0.4973253890733901,-2.255354530019404,0,0,pykrx,2026-06-22T20:59:25,-1.9960121555082513,0.08333333333333333,-0.2593423745111527,6.0,11.0,0.0,0.0,0.0,0.0,0.0,5.0,0.5796226855063312,-4.170275178575096,4.387911451009575,4.443274576482959,0.5796226855063312,-4.170275178575096,4.676525272748284,8.84680045132338,상승 가능/오차 큼,낮음
2026-06-19_to_2026-06-22,2026-06-21T23:58:46,2026-06-19,2026-06-22,반도체/전자,회피 우선,0.1934194573937678,-0.2394110073190801,0.475808173046285,4.508727670750885,0,0,pykrx,2026-06-22T20:59:25,-1.9960121555082513,0.08333333333333333,6.5047398262591365,1.0,12.0,1.0,1.0,1.0,0.0,0.0,11.0,0.3166724427894054,-4.971953581086407,4.436722024989827,4.755035393180136,0.3166724427894054,-4.971953581086407,4.56357832685431,9.535531907940715,상승 가능/오차 큼,낮음
