market_day_state,collection_mode,prediction_target_state,target_gap_days,sector,prediction_layer_rank,prediction_layer_label,prediction_layer_score,prediction_layer_top3_flag,prediction_expected_return_pct,prediction_expected_return_rank,return_interval_strength_rank,return_interval_label,return_interval_center_pct,return_interval_lower_pct,return_interval_upper_pct,return_interval_width_pct,return_interval_confidence_label,return_interval_strength_score,return_interval_interpretation,return_interval_action_note,prediction_layer_reason,action_layer_rank,action_layer_label,action_layer_score,action_layer_risk_state,action_layer_reason,prediction_action_score_gap,prediction_action_alignment,tomorrow_total_score,final_action,tomorrow_action,score_action,decision_action,action_conflict_flag,final_action_reason,ranking_quality_gate_level,ranking_quality_gate_reason,ranking_quality_gate_downgrade,ranking_quality_gate_warning_count,ranking_quality_gate_latest_date,ranking_quality_all_rank_ic_spearman,ranking_quality_all_top3_overlap,ranking_quality_last5_rank_ic_spearman,ranking_quality_last5_top3_spread,ranking_quality_last10_rank_ic_spearman,ranking_quality_last10_top3_spread,avoid_gate_count,avoid_pressure_score,avoid_pressure_note,panic_watch_action,defensive_watch_candidate_flag,defensive_watch_candidate_score,defensive_watch_candidate_rank,signal_conflict_type,signal_conflict_score,positive_signal_count,risk_block_count,final_decision_explanation,entry_condition_note,decision_profile,rank_model_score,model_signal_score,absolute_up_score,excess_strength_score,expected_return_score,expected_return_risk_adjusted_score,return_risk_score_adjustment,prediction_confidence_score,risk_control_score,decision_score,decision_score_gap_vs_total,decision_confidence_label,rule_confidence_label,confidence_reliability_score,confidence_empirical_hit_rate,confidence_empirical_avg_return,confidence_empirical_downside_rate,confidence_reliability_n,confidence_reference_rows,confidence_reference_end_date,confidence_label_source,decision_policy_version,primary_next_return_pred,ensemble_v2_next_return_pred,expected_return_model_q10_pct,expected_return_model_q50_pct,expected_return_model_q90_pct,expected_return_mid_pct,expected_return_low_pct,expected_return_high_pct,expected_return_error_p80_pct,expected_return_low_pct_raw,expected_return_high_pct_raw,expected_return_error_p80_pct_raw,return_interval_calibration_enabled,return_interval_calibration_reason,return_interval_calibration_window,return_interval_calibration_coverage_rate,return_interval_calibration_below_lower_rate,return_interval_calibration_base_lower_padding_pct,return_interval_calibration_base_upper_padding_pct,return_interval_lower_calibration_padding_pct,return_interval_upper_calibration_padding_pct,expected_return_interval_width_pct,expected_return_downside_room_pct,expected_return_upside_room_pct,expected_return_risk_reward_ratio,expected_return_upside_downside_ratio,expected_return_signal_to_noise,expected_return_confidence_score,expected_return_confidence,expected_return_range_label,expected_return_grade,expected_return_grade_reason,combined_up_proba,quality_adjusted_up_proba,calibrated_absolute_up_proba,calibrated_quality_adjusted_up_proba,meaningful_up_proba,calibrated_meaningful_up_proba,excess_up_proba,calibrated_excess_up_proba,tradeable_up_proba,calibrated_tradeable_up_proba,market_direction_score,market_sector_return_mean,market_sector_positive_ratio,market_sector_negative_ratio,market_breadth_mean,market_return_ma3,market_direction_score_ma3,sector_vs_market_return_gap,sector_market_alignment,expected_effect_score,expected_effect_score_raw,weekend_attention_score,weekend_attention_score_raw,fomo_freshness_status,fomo_freshness_weight,fomo_freshness_reason,fomo_evidence_weight,fomo_risk_pressure,fomo_risk_discount,fomo_final_weight,fomo_weight_reason,fomo_overlay_score,fomo_blend_weight,fomo_blend_validation_window,fomo_blend_generated_at,tomorrow_total_score_pre_fomo_blend,fomo_source_latest_at,fomo_target_date,live_fomo_score,advisor_grade,calibration_adjusted_grade,news_3d,news_momentum,news_decay_score,news_attention_acceleration,attention_reversal_risk,sector_intraday_return,sector_trade_value,sector_trade_value_weighted_return,sector_top2_trade_value_weighted_return,sector_top2_trade_value_share,final_rank_score_v5,v5_action,v5_no_trade_reason,v5_no_trade_flag,v5_largecap_only_flag,v5_weak_breadth_flag,v5_attention_overheat_flag,v5_fx_stress_flag,qlib_quality_component_v5,paper_signal_component_v5,paper_attention_score,paper_fomo_overheat_score,paper_attention_reversal_pressure,paper_attention_rebound_pressure,paper_fx_stress_score,paper_graph_neighbor_mom_3d,sector_risk_penalty_v5,krx_trade_value_weighted_return,krx_top2_trade_value_weighted_return,krx_top2_trade_value_share,krx_largecap_return_gap,final_rank_score_v4,v4_action,market_regime_v4,market_regime_risk_v4,market_gate_v4,sector_risk_penalty_v4,relative_strength_component_v4,xgb_component_v4,final_rank_score_v3,v3_action,top3_proba_v3,bottom3_proba_v3,pred_next_excess_return_v3,risk_penalty_v3,paper_graph_relative_strength,recent_sector_n,recent_sector_hit_rate,recent_sector_avg_return,score_calibration_adj,intraday_rebound_score,intraday_continuation_score,intraday_reversal_risk,intraday_bridge_score,intraday_bridge_adjustment,intraday_bridge_model_alignment,intraday_bridge_score_adjustment,intraday_bridge_comment,intraday_signal_label,intraday_signal_sector_return,intraday_signal_advancers_ratio,intraday_signal_trade_value_rank,rebound_phase,estimated_rebound_window,collected_at
trading_day,full_market,weekend_gap,3,조선/방산,1,상승 관찰,0.6173406740365983,1,0.8104745930198922,1,1,상승 가능/오차 큼,0.8104745930198922,-3.9104409493210306,5.3872640727634735,9.297705022084504,낮음,0.4047309565664165,"중심 +0.81%, 구간 -3.91%~+5.39%, 폭 9.30%p",중심은 양수지만 구간이 넓어 단일 수익률보다 리스크 확인 우선,예상수익=상승 우위; 신호점수=0.617; 신뢰도=0.270,1,회피 우선,0.2796976230769629,리스크 차단,상위 리스크 모델의 회피 조건 발생; V5=시장 패닉 국면; 랭킹품질=랭킹 품질 경고 존재; 전체 Top3 겹침률 30% 미만; 최근 10거래일 RankIC 음수; 최근 10거래일 Top3-Bottom3 spread 음수,0.3376430509596354,상승예측-행동보류,0.384241103777909,회피 우선,회피 우선,회피 우선,회피 우선,0,상위 리스크 모델의 회피 조건 발생,caution,랭킹 품질 경고 존재; 전체 Top3 겹침률 30% 미만; 최근 10거래일 RankIC 음수; 최근 10거래일 Top3-Bottom3 spread 음수,0,1,2026-06-19,0.04462245706643336,0.2962962962962963,0.043356643356643354,0.513194936198995,-0.036019501974655435,-0.14983146036360467,5,0.56893956,회피 유지: 시장 패닉 게이트가 우선이나 상대강도 기준 방어 후보로 추적,방어 추적,1,0.6167375728311624,1,상승신호-강한리스크충돌,0.45,3,6,"상승 우위 신호와 3개 상승 근거는 있으나 백테스트 신뢰도 low, V4/V5 리스크 게이트, 장중 브릿지 약세 때문에 최종 판단은 회피 우선이다.",신뢰도 medium 이상 회복 / 장중 브릿지 0.50 이상 / V4/V5 회피 게이트 해제 확인 전까지 보수 대응,defensive_relative,0.7206608333333334,0.6173406740365983,0.467468909239032,0.6575775978407558,0.6586036553499638,0.6780137972238627,0.014241103777909015,0.27022725340673187,0.3,0.2796976230769629,-0.09030237692303711,low,low,0.5783172470198322,0.5623529218274638,0.5024601828420997,0.2831816715669696,455.2,2280,2026-06-19,backtest_empirical_v1,decision_layer_v9_ranking_quality_soft_gate,0.8104745930198922,0.9035063991202756,-1.5890949740923257,1.1752730261727344,5.3872640727634735,0.8104745930198922,-3.9104409493210306,4.588032926185603,4.412544144145426,-2.096195775093273,4.588032926185603,3.777558333165711,True,recent_interval_miscalibration,last_5_evaluated_days,0.6333333333333333,0.31666666666666665,1.474996076607933,0.0,1.8142451742277577,0.0,8.498473875506633,3.9104409493210306,4.588032926185603,0.18367512404272077,1.0402662633748474,0.2145498551019566,0.1766496897601177,low,mixed_range,상승 우위,"예상 수익, 경험 평균수익, 하락위험이 모두 양호",0.5553761978103166,0.5540650562512502,0.5373073063942352,0.4345653975308797,0.5894920422235495,0.391515511943701,0.5496840860286424,0.3311740890688259,0.4683593947499198,0.2866341385378339,0.0571395879981013,-2.378064589933532,0.0,1.0,0.1541666666666666,-1.9745534358906465,0.141533837270397,0.6185160495498174,1.0,0.7667916666666666,0.7667916666666666,0.5904166666666667,0.5904166666666667,partial,0.55,recent_but_outside_fresh_window_or_partial_source,0.6533,0.7979,0.4415,0.1586,high_reversal_or_tail_risk_discount,0.5627791666666667,0.094,last_60,2026-06-21T22:27:45,0.716152852577826,2026-06-20T00:00:00,2026-06-22,0.4919941954470229,C: 관망,보정 양호,8.0,1.3333333333333337,5.958043469192998,1.3333333333333337,0.8062499999999998,-1.7595485403837146,3923129488076.0,0.2131011512142519,1.7715032930323316,0.3154009757416474,0.37,신규 진입 금지,시장 패닉 국면,1,0,1,0,0,0.7791666666666666,0.3633333333333333,0.5175,0.1567074178053467,0.0,0.03234375,0.7053175802160844,-7.629126946750807,0.05,0.2131011512142519,1.7715032930323316,0.3154009757416474,1.9726496915979663,0.4507083333333332,회피 우선,capitulation,0.75,0.58,0.0,0.6666666666666666,1.0,0.7125,보조 관찰,0.582614298756398,0.5380998676150612,0.1331739083770379,0.0,1.4039889099314231,27,0.3333333333333333,-0.6792896521119791,-0.0060817409761142185,0.092286,0.310885,0.271168,0.272949,-0.027246,0.9083333333333333,-0.022546065000000004,장중 반등 약함,반등 약함,-1.7595485403837146,0.15,0.9166666666666666,마감 약세/대기,다음 장 실시간 확인 필요,2026-06-19 21:37:29
trading_day,full_market,weekend_gap,3,자동차,2,상승 관찰,0.5341711591707535,1,0.688789328405842,2,2,상승 가능/오차 큼,0.688789328405842,-3.7627672914338266,4.6756949210250935,8.43846221245892,낮음,0.3749435092498403,"중심 +0.69%, 구간 -3.76%~+4.68%, 폭 8.44%p",중심은 양수지만 구간이 넓어 단일 수익률보다 리스크 확인 우선,예상수익=상승 우위; 신호점수=0.534; 신뢰도=0.214,2,회피 우선,0.23870343446095146,리스크 차단,상위 리스크 모델의 회피 조건 발생; V5=시장 패닉 국면; 랭킹품질=랭킹 품질 경고 존재; 전체 Top3 겹침률 30% 미만; 최근 10거래일 RankIC 음수; 최근 10거래일 Top3-Bottom3 spread 음수,0.2954677247098021,상승예측-행동보류,0.3779127297437933,회피 우선,회피 우선,회피 우선,회피 우선,0,상위 리스크 모델의 회피 조건 발생,caution,랭킹 품질 경고 존재; 전체 Top3 겹침률 30% 미만; 최근 10거래일 RankIC 음수; 최근 10거래일 Top3-Bottom3 spread 음수,0,1,2026-06-19,0.04462245706643336,0.2962962962962963,0.043356643356643354,0.513194936198995,-0.036019501974655435,-0.14983146036360467,5,0.58162044,회피 유지: 시장 패닉 게이트가 우선이나 상대강도 기준 방어 후보로 추적,방어 추적,1,0.5187146636489676,2,상승신호-강한리스크충돌,0.45,3,6,"상승 우위 신호와 3개 상승 근거는 있으나 백테스트 신뢰도 low, V4/V5 리스크 게이트, 장중 브릿지 약세 때문에 최종 판단은 회피 우선이다.",신뢰도 medium 이상 회복 / 장중 브릿지 0.50 이상 / 반전 위험 0.35 미만 확인 전까지 보수 대응,mixed,0.5829645833333333,0.5341711591707535,0.449003794346722,0.5057404540763674,0.6272316139963413,0.5989091217974166,0.00791272974379333,0.2135604723994436,0.3,0.23870343446095146,-0.13129656553904853,low,low,0.5182843175701043,0.5490142539190985,0.34554980412936853,0.29043443293255744,456.0,2280,2026-06-19,backtest_empirical_v1,decision_layer_v9_ranking_quality_soft_gate,0.688789328405842,0.4536149837643188,-1.63036206689135,0.8531026127689594,4.6756949210250935,0.688789328405842,-3.7627672914338266,3.993202452946576,3.9393989355204497,-1.948522117206069,3.993202452946576,3.3044131245407344,True,recent_interval_miscalibration,last_5_evaluated_days,0.6333333333333333,0.31666666666666665,1.474996076607933,0.0,1.8142451742277577,0.0,7.755969744380403,3.7627672914338266,3.993202452946576,0.1748463000777156,0.9367629476211498,0.2084452828523291,0.17249046010617,low,mixed_range,상승 우위,"예상 수익, 경험 평균수익, 하락위험이 모두 양호",0.5024562968396542,0.4503662970789339,0.5185053150116671,0.4157882845261762,0.4851441349301025,0.3951605310234441,0.3361811761980551,0.2902108211705735,0.3573869452895282,0.2562859578095035,0.0571395879981013,-2.378064589933532,0.0,1.0,0.1541666666666666,-1.9745534358906465,0.141533837270397,0.9223295458404333,1.0,0.6776083333333333,0.6776083333333333,0.7720833333333333,0.7720833333333333,partial,0.55,recent_but_outside_fresh_window_or_partial_source,0.7627,0.5938,0.5844,0.2451,news_search_confirmed,0.602125,0.094,last_60,2026-06-21T22:27:45,0.5689778288032727,2026-06-20T00:00:00,2026-06-22,0.4950453682409713,D: 회피,보정 양호,8.0,1.3333333333333337,7.556331913900195,1.3333333333333337,0.7429166666666667,-1.4557350440930994,2333180263165.0,2.068481396305516,1.8286223296903128,0.7140241261685085,0.37,신규 진입 금지,시장 패닉 국면,1,0,1,0,0,0.7741666666666668,0.6316666666666666,0.6541666666666666,0.2429391139937448,0.0,0.0436111111111111,0.4708188045108525,-6.330759912260435,0.05,2.068481396305516,1.8286223296903128,0.7140241261685085,3.5242164403986145,0.4217083333333333,회피 우선,capitulation,0.75,0.58,0.0,0.75,0.8333333333333334,0.6604166666666667,보조 관찰,0.3597902292941808,0.5349645882691093,-0.5388871169859781,0.0,1.191069364300401,27,0.3333333333333333,-0.29700525923989535,-0.0025428797392412147,0.067952,0.285257,0.375784,0.237019,-0.031558,0.7000000000000001,-0.028086620000000007,장중 반등 약함,반등 약함,-1.4557350440930994,0.2,0.75,마감 약세/대기,다음 장 실시간 확인 필요,2026-06-19 21:37:29
trading_day,full_market,weekend_gap,3,화학/정유,8,약세/불확실,0.41410061545539917,0,0.6343157745577731,3,3,상승 가능/오차 큼,0.6343157745577731,-3.9409552152111225,4.947449725563937,8.88840494077506,낮음,0.3375916730697489,"중심 +0.63%, 구간 -3.94%~+4.95%, 폭 8.89%p",중심은 양수지만 구간이 넓어 단일 수익률보다 리스크 확인 우선,예상수익=상승 우위; 신호점수=0.414; 신뢰도=0.159,11,회피 우선,0.14026024291975875,리스크 차단,상위 리스크 모델의 회피 조건 발생; V5=시장 패닉 국면; 랭킹품질=랭킹 품질 경고 존재; 전체 Top3 겹침률 30% 미만; 최근 10거래일 RankIC 음수; 최근 10거래일 Top3-Bottom3 spread 음수,0.2738403725356404,약신호-회피일치,0.37564187825492557,회피 우선,회피 우선,회피 우선,회피 우선,0,상위 리스크 모델의 회피 조건 발생,caution,랭킹 품질 경고 존재; 전체 Top3 겹침률 30% 미만; 최근 10거래일 RankIC 음수; 최근 10거래일 Top3-Bottom3 spread 음수,0,1,2026-06-19,0.04462245706643336,0.2962962962962963,0.043356643356643354,0.513194936198995,-0.036019501974655435,-0.14983146036360467,7,0.8494175942857142,회피 유지: 주요 리스크 게이트 우세,강한 회피,0,0.40914238092735633,0,상승신호-강한리스크충돌,0.525,3,7,"상승 우위 신호와 3개 상승 근거는 있으나 백테스트 신뢰도 low, V4/V5 리스크 게이트, 장중 브릿지 약세 때문에 최종 판단은 회피 우선이다.",신뢰도 medium 이상 회복 / 장중 브릿지 0.50 이상 / V4/V5 회피 게이트 해제 확인 전까지 보수 대응,weak,0.3693133333333334,0.41410061545539917,0.4428338577236871,0.24324045407636738,0.5860987031761085,0.5705234781865696,0.005641878254925565,0.15907161530227293,0.10072731428571427,0.14026024291975875,-0.22973975708024125,low,low,0.5352635378012369,0.5540993089666443,0.427594282634205,0.2858116556166069,456.0,2280,2026-06-19,backtest_empirical_v1,decision_layer_v9_ranking_quality_soft_gate,0.6343157745577731,0.4021720218092073,-1.5573536016512055,1.0530159783455872,4.947449725563937,0.6343157745577731,-3.9409552152111225,4.243927420017785,4.244597456439727,-2.126710040983365,4.243927420017785,3.609611645460012,True,recent_interval_miscalibration,last_5_evaluated_days,0.6333333333333333,0.31666666666666665,1.474996076607933,0.0,1.8142451742277577,0.0,8.184882635228908,3.9409552152111225,4.243927420017785,0.14944073756521142,0.9556339153075718,0.1757296454192194,0.149464331450587,low,mixed_range,상승 우위,"예상 수익, 경험 평균수익, 하락위험이 모두 양호",0.5104719483544131,0.4206770950483745,0.5185053150116671,0.4157882845261762,0.4631456240419693,0.3951605310234441,0.2234995789916513,0.2902108211705735,0.3047839648006601,0.2562859578095035,0.0571395879981013,-2.378064589933532,0.0,1.0,0.1541666666666666,-1.9745534358906465,0.141533837270397,-1.0108921764037788,1.0,0.544175,0.544175,0.3429166666666666,0.3429166666666666,partial,0.55,recent_but_outside_fresh_window_or_partial_source,0.4144,0.6917,0.5158,0.1176,search_only_signal,0.5048999999999999,0.094,last_60,2026-06-21T22:27:45,0.5176868390371603,2026-06-20T00:00:00,2026-06-22,0.2475146728829152,D: 회피,보정 양호,0.0,-1.0,0.4348564418534238,-1.0,0.6191666666666666,-3.388956766337311,520349865320.0,-2.366079751350056,-2.780733747534044,0.3820570543008438,0.0,신규 진입 금지,시장 패닉 국면,1,0,1,0,1,0.4266666666666667,0.345,0.4816666666666667,0.17127669914437,0.0,0.0200694444444444,0.8486063231498643,-6.769668940641829,0.4,-2.366079751350056,-2.780733747534044,0.3820570543008438,1.0228770149872548,0.0,회피 우선,capitulation,0.75,0.58,0.32,0.25,0.0833333333333333,0.0,회피 우선,0.2497203998909314,0.5330001478265272,-0.7046267608499687,0.18,-1.4789333754048175,27,0.4444444444444444,-0.5807851014512375,0.003401558292859504,0.081952,0.150113,0.24,0.133901,-0.043932,0.6083333333333333,-0.04030761,장중 반등 약함,반등 약함,-3.388956766337311,0.05,0.25,마감 약세/대기,다음 장 실시간 확인 필요,2026-06-19 21:37:29
trading_day,full_market,weekend_gap,3,철강/소재,9,약세/불확실,0.4080396181959762,0,0.5984922689782067,5,5,상승 가능/오차 큼,0.5984922689782067,-3.6700201515664497,4.80685616392095,8.4768763154874,낮음,0.2756172677317168,"중심 +0.60%, 구간 -3.67%~+4.81%, 폭 8.48%p",중심은 양수지만 구간이 넓어 단일 수익률보다 리스크 확인 우선,예상수익=상승 우위; 신호점수=0.408; 신뢰도=0.199,9,회피 우선,0.1882459920639768,리스크 차단,상위 리스크 모델의 회피 조건 발생; V5=시장 패닉 국면; 랭킹품질=랭킹 품질 경고 존재; 전체 Top3 겹침률 30% 미만; 최근 10거래일 RankIC 음수; 최근 10거래일 Top3-Bottom3 spread 음수,0.21979362613199938,약신호-회피일치,0.37205999692905345,회피 우선,회피 우선,회피 우선,회피 우선,0,상위 리스크 모델의 회피 조건 발생,caution,랭킹 품질 경고 존재; 전체 Top3 겹침률 30% 미만; 최근 10거래일 RankIC 음수; 최근 10거래일 Top3-Bottom3 spread 음수,0,1,2026-06-19,0.04462245706643336,0.2962962962962963,0.043356643356643354,0.513194936198995,-0.036019501974655435,-0.14983146036360467,5,0.71523236,회피 유지: 주요 리스크 게이트 우세,회피 유지,0,0.4157496143518339,0,상승신호-강한리스크충돌,0.525,3,7,"상승 우위 신호와 3개 상승 근거는 있으나 백테스트 신뢰도 low, V4/V5 리스크 게이트, 장중 브릿지 약세 때문에 최종 판단은 회피 우선이다.",신뢰도 medium 이상 회복 / 장중 브릿지 0.50 이상 / 반전 위험 0.35 미만 확인 전까지 보수 대응,weak,0.3585966666666667,0.4080396181959762,0.4343220034662526,0.384907120743034,0.5293530081265454,0.5257499616131679,0.0020599969290534315,0.1992591909615408,0.3,0.1882459920639768,-0.1817540079360232,low,low,0.5161391253544189,0.5490142539190985,0.34554980412936853,0.29043443293255744,456.0,2280,2026-06-19,backtest_empirical_v1,decision_layer_v9_ranking_quality_soft_gate,0.5984922689782067,0.3436816623739973,-1.4345499703196396,0.9349510736144302,4.80685616392095,0.5984922689782067,-3.6700201515664497,3.922888177553064,3.9593817195545724,-1.855774977338692,3.922888177553064,3.324395908574857,True,recent_interval_miscalibration,last_5_evaluated_days,0.6333333333333333,0.31666666666666665,1.474996076607933,0.0,1.8142451742277577,0.0,7.592908329119513,3.6700201515664497,3.922888177553064,0.15115801187401973,0.9407360240404231,0.1800303830944057,0.1525641929848536,low,mixed_range,상승 우위,"예상 수익, 경험 평균수익, 하락위험이 모두 양호",0.5046243272047111,0.4309587619763024,0.5185053150116671,0.4157882845261762,0.485326143470032,0.3951605310234441,0.2555518488527802,0.2902108211705735,0.3143590909611833,0.2562859578095035,0.0571395879981013,-2.378064589933532,0.0,1.0,0.1541666666666666,-1.9745534358906465,0.141533837270397,-0.5600535443594326,1.0,0.4764333333333332,0.4764333333333332,0.3225,0.3225,partial,0.55,recent_but_outside_fresh_window_or_partial_source,0.3979,0.3104,0.7827,0.1713,search_only_signal,0.48215625,0.094,last_60,2026-06-21T22:27:45,0.46421208211387366,2026-06-20T00:00:00,2026-06-22,0.1361117080051059,D: 회피,보정 양호,0.0,0.0,0.0,0.0,0.4258333333333333,-2.938118134292966,433049912823.0,-2.555531679795762,-2.4853634916782577,0.6878303653457748,0.0,신규 진입 금지,시장 패닉 국면,1,0,1,0,0,0.2816666666666667,0.2016666666666667,0.3549999999999999,0.1622778570014739,0.0,0.0,0.7538576196691977,-7.880276703558006,0.19,-2.555531679795762,-2.4853634916782577,0.6878303653457748,0.3825864544972024,0.2305499999999999,회피 우선,capitulation,0.75,0.58,0.14,0.4166666666666667,0.75,0.2775,회피 우선,0.2735054623813897,0.5463074507025153,-0.5151085934260964,0.06,-1.4130725522684928,27,0.3333333333333333,-1.118058086459079,-0.01014348305407023,0.080619,0.138153,0.363716,0.115541,-0.046135,0.5416666666666666,-0.04325156250000001,장중 반등 약함,반등 약함,-2.938118134292966,0.0,0.1666666666666666,마감 약세/대기,다음 장 실시간 확인 필요,2026-06-19 21:37:29
trading_day,full_market,weekend_gap,3,2차전지,4,중립/약함,0.503883175887805,0,0.6049786936043772,4,4,상승 가능/오차 큼,0.6049786936043772,-5.131968690338878,5.007000087279024,10.138968777617901,낮음,0.3024479653293595,"중심 +0.60%, 구간 -5.13%~+5.01%, 폭 10.14%p",중심은 양수지만 구간이 넓어 단일 수익률보다 리스크 확인 우선,예상수익=제한적 상승; 신호점수=0.504; 신뢰도=0.283,3,회피 우선,0.23857778284984824,리스크 차단,상위 리스크 모델의 회피 조건 발생; V5=시장 패닉 국면; 랭킹품질=랭킹 품질 경고 존재; 전체 Top3 겹침률 30% 미만; 최근 10거래일 RankIC 음수; 최근 10거래일 Top3-Bottom3 spread 음수,0.26530539303795675,약신호-회피일치,0.3708494578156568,회피 우선,회피 우선,회피 우선,회피 우선,0,상위 리스크 모델의 회피 조건 발생,caution,랭킹 품질 경고 존재; 전체 Top3 겹침률 30% 미만; 최근 10거래일 RankIC 음수; 최근 10거래일 Top3-Bottom3 spread 음수,0,1,2026-06-19,0.04462245706643336,0.2962962962962963,0.043356643356643354,0.513194936198995,-0.036019501974655435,-0.14983146036360467,5,0.56052192,회피 유지: 시장 패닉 게이트가 우선이나 상대강도 기준 방어 후보로 추적,방어 추적,1,0.5097694346125622,4,상승신호-강한리스크충돌,0.3,2,6,"제한적 상승 신호와 2개 상승 근거는 있으나 백테스트 신뢰도 low, V4/V5 리스크 게이트, 장중 브릿지 약세 때문에 최종 판단은 회피 우선이다.",신뢰도 medium 이상 회복 / 장중 브릿지 0.50 이상 / V4/V5 회피 게이트 해제 확인 전까지 보수 대응,mixed,0.5845270833333334,0.503883175887805,0.43697642838936424,0.5432404540763673,0.5444593409792011,0.5106182226957104,0.0008494578156568356,0.28346392201009607,0.3,0.23857778284984824,-0.13142221715015176,low,low,0.4977883949812786,0.5351716040674465,0.3024624508308559,0.30050181464284986,456.0,2280,2026-06-19,backtest_empirical_v1,decision_layer_v9_ranking_quality_soft_gate,0.6049786936043772,0.2853128961263163,-2.980586801986832,0.8604703829820461,5.007000087279024,0.6049786936043772,-5.131968690338878,4.854263262553252,4.884270379928589,-3.317723516111121,4.854263262553252,4.249284568948874,True,recent_interval_miscalibration,last_5_evaluated_days,0.6333333333333333,0.31666666666666665,1.474996076607933,0.0,1.8142451742277577,0.0,9.98623195289213,5.131968690338878,4.854263262553252,0.12386265430564111,0.8619123310966362,0.1423718943243257,0.1246283237811394,low,mixed_range,제한적 상승,양수 예측이나 기대수익 대비 위험 보상은 제한적,0.4498670541652035,0.437278620607208,0.5195276176306491,0.4162483207047182,0.4863968253638727,0.3951605310234441,0.3790997048159775,0.2902108211705735,0.3741929892870273,0.2562859578095035,0.0571395879981013,-2.378064589933532,0.0,1.0,0.1541666666666666,-1.9745534358906465,0.141533837270397,1.01821142833693,1.0,0.2025666666666666,0.2025666666666666,0.4591666666666666,0.4591666666666666,partial,0.55,recent_but_outside_fresh_window_or_partial_source,0.5587,0.7792,0.4546,0.1397,high_reversal_or_tail_risk_discount,0.45343333333333335,0.094,last_60,2026-06-21T22:27:45,0.5641587219870213,2026-06-20T00:00:00,2026-06-22,0.3829471031726113,D: 회피,보정 양호,2.0,-0.3333333333333333,2.7873865739431523,-0.4666666666666667,0.7158333333333333,-1.3598531615966014,1575727850375.0,0.9845507935711192,4.433293556896152,0.533718280761399,0.37,신규 진입 금지,시장 패닉 국면,1,0,0,0,0,0.4758333333333333,0.5666666666666668,0.6283333333333334,0.1957487836982191,0.0,0.0261805555555555,0.8163704540213471,-7.840622777330156,0.0,0.9845507935711192,4.433293556896152,0.533718280761399,2.344403955167721,0.416875,회피 우선,capitulation,0.75,0.58,0.0,0.9166666666666666,0.6666666666666666,0.695,보조 관찰,0.3967564068366583,0.6018803684641659,-0.6364663934290173,0.08,1.2344168199778562,27,0.37037037037037035,-0.8705939532117614,-0.004995529363437917,0.057619,0.242096,0.317744,0.20748,-0.035102,0.7208333333333333,-0.0310213925,장중 반등 약함,반등 약함,-1.3598531615966014,0.25,0.5833333333333334,마감 약세/대기,다음 장 실시간 확인 필요,2026-06-19 21:37:29
trading_day,full_market,weekend_gap,3,금융,3,중립/약함,0.5079819808125471,1,0.5106525888815532,7,6,상승 가능/오차 큼,0.5106525888815532,-3.7551918020319577,3.978849337180572,7.73404113921253,낮음,0.24069201176600413,"중심 +0.51%, 구간 -3.76%~+3.98%, 폭 7.73%p",중심은 양수지만 구간이 넓어 단일 수익률보다 리스크 확인 우선,예상수익=제한적 상승; 신호점수=0.508; 신뢰도=0.152,4,회피 우선,0.2186690424127774,리스크 차단,상위 리스크 모델의 회피 조건 발생; V5=시장 패닉 국면; 랭킹품질=랭킹 품질 경고 존재; 전체 Top3 겹침률 30% 미만; 최근 10거래일 RankIC 음수; 최근 10거래일 Top3-Bottom3 spread 음수,0.2893129383997697,약신호-회피일치,0.36795854581882276,회피 우선,회피 우선,회피 우선,회피 우선,0,상위 리스크 모델의 회피 조건 발생,caution,랭킹 품질 경고 존재; 전체 Top3 겹침률 30% 미만; 최근 10거래일 RankIC 음수; 최근 10거래일 Top3-Bottom3 spread 음수,0,1,2026-06-19,0.04462245706643336,0.2962962962962963,0.043356643356643354,0.513194936198995,-0.036019501974655435,-0.14983146036360467,5,0.54837832,회피 유지: 시장 패닉 게이트가 우선이나 상대강도 기준 방어 후보로 추적,방어 추적,1,0.5153339274391128,3,상승신호-강한리스크충돌,0.3,2,6,"제한적 상승 신호와 2개 상승 근거는 있으나 백테스트 신뢰도 low, V4/V5 리스크 게이트, 장중 브릿지 약세 때문에 최종 판단은 회피 우선이다.",신뢰도 medium 이상 회복 / 장중 브릿지 0.50 이상 / V4/V5 회피 게이트 해제 확인 전까지 보수 대응,defensive_relative,0.429505,0.5079819808125471,0.424287398402704,0.6838874610873814,0.46626550983291265,0.4744818227352848,-0.002041454181177218,0.15213404729535626,0.3,0.2186690424127774,-0.1513309575872226,low,low,0.49590559497237785,0.545320797432863,0.3171926168292117,0.2957914867126062,456.2,2280,2026-06-19,backtest_empirical_v1,decision_layer_v9_ranking_quality_soft_gate,0.5106525888815532,0.3888202073442837,-1.45066444236295,1.1061620956889682,3.978849337180572,0.5106525888815532,-3.7551918020319577,3.565003692389112,3.6893369144872743,-1.9409466278042,3.565003692389112,3.054351103507559,True,recent_interval_miscalibration,last_5_evaluated_days,0.6333333333333333,0.31666666666666665,1.474996076607933,0.0,1.8142451742277577,0.0,7.320195494421069,3.7551918020319577,3.565003692389112,0.1384131080239174,0.8378009401801199,0.1671885685621176,0.1432404095321808,low,mixed_range,제한적 상승,양수 예측이나 기대수익 대비 위험 보상은 제한적,0.4990796354708525,0.4805693411924242,0.5201210142143681,0.4135517341260664,0.4955647141787752,0.3951605310234441,0.4635931519561593,0.275392745963947,0.3937369629461494,0.2562859578095035,0.0571395879981013,-2.378064589933532,0.0,1.0,0.1541666666666666,-1.9745534358906465,0.141533837270397,1.0213174576498898,1.0,0.5482083333333334,0.5482083333333334,0.6304166666666666,0.6304166666666666,partial,0.55,recent_but_outside_fresh_window_or_partial_source,0.6853,0.5896,0.5873,0.2214,news_search_confirmed,0.5507375,0.094,last_60,2026-06-21T22:27:45,0.3729001687539107,2026-06-20T00:00:00,2026-06-22,0.2291545456073403,D: 회피,보정 양호,8.0,1.3333333333333337,6.887447350971858,1.3333333333333337,0.63125,-1.3567471322836433,1998366553854.0,-0.5004848423730531,1.4703666699270417,0.3427617095217073,0.37,신규 진입 금지,시장 패닉 국면,1,0,0,0,0,0.6741666666666667,0.375,0.4091666666666667,0.1115995832275658,0.0,0.0085243055555555,0.2379876604652782,-7.099574236342075,0.0,-0.5004848423730531,1.4703666699270417,0.3427617095217073,0.8562622899105891,0.4990416666666666,회피 우선,capitulation,0.75,0.58,0.0,1.0,0.9166666666666666,0.9166666666666666,핵심 관찰,0.4729981708437876,0.5131262962799119,-0.3729076852660271,0.0,1.440224543044072,27,0.4444444444444444,0.012092653364948787,0.008889912366015058,0.109619,0.292538,0.245131,0.260268,-0.028768,0.4458333333333333,-0.02779708,장중 반등 약함,반등 약함,-1.3567471322836433,0.25,0.6666666666666666,마감 약세/대기,다음 장 실시간 확인 필요,2026-06-19 21:37:29
trading_day,full_market,weekend_gap,3,유통/소비,6,중립/약함,0.45198145216338687,0,0.4571255957893866,11,10,상승 중심/하단 음수,0.4571255957893866,-3.2367403604446796,2.862404004396595,6.099144364841274,낮음,0.18423735028037586,"중심 +0.46%, 구간 -3.24%~+2.86%, 폭 6.10%p",양수 중심이나 하단은 음수라 장중 확인 후 접근,예상수익=제한적 상승; 신호점수=0.452; 신뢰도=0.164,7,회피 우선,0.1992631613324783,리스크 차단,상위 리스크 모델의 회피 조건 발생; V5=시장 패닉 국면; 랭킹품질=랭킹 품질 경고 존재; 전체 Top3 겹침률 30% 미만; 최근 10거래일 RankIC 음수; 최근 10거래일 Top3-Bottom3 spread 음수,0.2527182908309086,약신호-회피일치,0.36721241059727916,회피 우선,회피 우선,회피 우선,회피 우선,0,상위 리스크 모델의 회피 조건 발생,caution,랭킹 품질 경고 존재; 전체 Top3 겹침률 30% 미만; 최근 10거래일 RankIC 음수; 최근 10거래일 Top3-Bottom3 spread 음수,0,1,2026-06-19,0.04462245706643336,0.2962962962962963,0.043356643356643354,0.513194936198995,-0.036019501974655435,-0.14983146036360467,5,0.5611548399999999,회피 유지: 주요 리스크 게이트 우세,회피 유지,0,0.48430778351776477,0,상승신호-강한리스크충돌,0.25,2,5,"제한적 상승 신호와 2개 상승 근거는 있으나 백테스트 신뢰도 low, V4/V5 리스크 게이트, 장중 브릿지 약세 때문에 최종 판단은 회피 우선이다.",신뢰도 medium 이상 회복 / 장중 브릿지 0.50 이상 / 반전 위험 0.35 미만 확인 전까지 보수 대응,mixed,0.45102624999999996,0.45198145216338687,0.4171835385494204,0.6099071207430341,0.3674648638451574,0.46515513246598944,-0.002787589402720845,0.16411154331587904,0.3,0.1992631613324783,-0.1707368386675217,low,low,0.5312585157328532,0.5524983878546427,0.38125377401198357,0.27456231298686906,453.5,2280,2026-06-19,backtest_empirical_v1,decision_layer_v9_ranking_quality_soft_gate,0.4571255957893866,0.3140640579897641,-1.3567537954961315,0.7407082122950474,2.862404004396595,0.4571255957893866,-3.2367403604446796,2.573305984724371,2.7511661999146995,-1.4224951862169222,2.573305984724371,2.116180388934984,True,recent_interval_miscalibration,last_5_evaluated_days,0.6333333333333333,0.31666666666666665,1.474996076607933,0.0,1.8142451742277577,0.0,5.8100463451690505,3.2367403604446796,2.573305984724371,0.16615702671963617,0.6886499292174911,0.2160144750322752,0.1776413681478107,low,mixed_range,제한적 상승,양수 예측이나 기대수익 대비 위험 보상은 제한적,0.5524923533288544,0.4697886350257218,0.5373073063942352,0.4242491806483319,0.483222029817251,0.3951605310234441,0.3339886204739901,0.2902108211705735,0.3356384447862659,0.2562859578095035,0.0571395879981013,-2.378064589933532,0.0,1.0,0.1541666666666666,-1.9745534358906465,0.141533837270397,0.9459657130256196,1.0,0.5130333333333333,0.5130333333333333,0.4025,0.4025,partial,0.55,recent_but_outside_fresh_window_or_partial_source,0.5045,0.2479,0.8265,0.2293,search_only_signal,0.5047770833333334,0.094,last_60,2026-06-21T22:27:45,0.4189562242053548,2026-06-20T00:00:00,2026-06-22,0.061043143221041,D: 회피,보정 양호,0.0,0.0,0.0,0.0,0.3725,-1.4320988769079113,1101599285575.0,0.1083923955083089,0.9195186402821338,0.7215273588209725,0.37,신규 진입 금지,시장 패닉 국면,1,0,0,0,0,0.6325000000000001,0.45,0.4641666666666667,0.1623122344430034,0.0,0.0290104166666666,0.0627774136264382,-6.943366876804874,0.0,0.1083923955083089,0.9195186402821338,0.7215273588209725,1.5404912724162212,0.2573749999999999,회피 우선,capitulation,0.75,0.58,0.0,0.8333333333333334,0.25,0.8,핵심 관찰,0.3094952428579715,0.5061553347860731,-0.3142340870905853,0.0,0.6350474373301047,27,0.4444444444444444,-0.08869873166225704,0.007956872116048924,0.108619,0.276403,0.361579,0.231429,-0.032229,0.5458333333333333,-0.030174401250000007,장중 반등 약함,반등 약함,-1.4320988769079113,0.25,0.5,마감 약세/대기,다음 장 실시간 확인 필요,2026-06-19 21:37:29
trading_day,full_market,weekend_gap,3,게임/엔터,5,중립/약함,0.454301513621213,0,0.4670293342812329,10,9,상승 가능/오차 큼,0.4670293342812329,-3.5416446445358485,3.190499050721295,6.732143695257143,낮음,0.1870782393941977,"중심 +0.47%, 구간 -3.54%~+3.19%, 폭 6.73%p",중심은 양수지만 구간이 넓어 단일 수익률보다 리스크 확인 우선,예상수익=중립/오차 큼; 신호점수=0.454; 신뢰도=0.203,6,회피 우선,0.2064907973024358,리스크 차단,상위 리스크 모델의 회피 조건 발생; V5=시장 패닉 국면; 랭킹품질=랭킹 품질 경고 존재; 전체 Top3 겹침률 30% 미만; 최근 10거래일 RankIC 음수; 최근 10거래일 Top3-Bottom3 spread 음수,0.2478107163187772,약신호-회피일치,0.3654888313417551,회피 우선,회피 우선,회피 우선,회피 우선,0,상위 리스크 모델의 회피 조건 발생,caution,랭킹 품질 경고 존재; 전체 Top3 겹침률 30% 미만; 최근 10거래일 RankIC 음수; 최근 10거래일 Top3-Bottom3 spread 음수,0,1,2026-06-19,0.04462245706643336,0.2962962962962963,0.043356643356643354,0.513194936198995,-0.036019501974655435,-0.14983146036360467,5,0.5893086399999999,회피 유지: 주요 리스크 게이트 우세,회피 유지,0,0.46540248845736476,0,약신호-회피일치,0.15,1,6,"상승 근거가 부족하고 백테스트 신뢰도 low, V4/V5 리스크 게이트, 장중 브릿지 약세도 겹쳐 회피 우선 판단과 신호가 일치한다.",신뢰도 medium 이상 회복 / 장중 브릿지 0.50 이상 / V4/V5 회피 게이트 해제 확인 전까지 보수 대응,mixed,0.41503375,0.454301513621213,0.41464816635150076,0.5640737874097007,0.38353800831093043,0.44361039177193845,-0.004511168658244924,0.20290379116784757,0.3,0.2064907973024358,-0.1635092026975642,low,low,0.51904660884923,0.5492092612027341,0.33326441272622653,0.28241267267532827,459.0,2280,2026-06-19,backtest_empirical_v1,decision_layer_v9_ranking_quality_soft_gate,0.4670293342812329,0.3370552331690242,-1.2588797332874526,0.8229119511318247,3.190499050721295,0.4670293342812329,-3.5416446445358485,3.060482398419108,3.22843887511759,-1.7273994703080908,3.060482398419108,2.593453064137875,True,recent_interval_miscalibration,last_5_evaluated_days,0.6333333333333333,0.31666666666666665,1.474996076607933,0.0,1.8142451742277577,0.0,6.602127042954956,3.5416446445358485,3.060482398419108,0.14466104279710798,0.7572368843848667,0.1800801181788437,0.1525999086034531,low,mixed_range,중립/오차 큼,수익률 예측 대비 오차폭이 커서 보수 해석,0.595524779495348,0.5022344897417075,0.5373073063942352,0.4193028367805463,0.5194993216307479,0.3753751555523021,0.3406575344834294,0.2902108211705735,0.3624200166442803,0.2562859578095035,0.0571395879981013,-2.378064589933532,0.0,1.0,0.1541666666666666,-1.9745534358906465,0.141533837270397,0.5378978752417851,1.0,0.5807333333333333,0.5807333333333333,0.3625,0.3625,partial,0.55,recent_but_outside_fresh_window_or_partial_source,0.4512,0.2021,0.8585,0.2131,search_only_signal,0.53995625,0.094,last_60,2026-06-21T22:27:45,0.42271025617159985,2026-06-20T00:00:00,2026-06-22,0.0748281137232982,D: 회피,보정 양호,0.0,0.0,0.0,0.0,0.3658333333333333,-1.840166714691748,256229363745.0,1.2597912155985969,4.539092966452923,0.4898772379769818,0.2207874999999999,신규 진입 금지,시장 패닉 국면,1,0,1,0,1,0.6175,0.735,0.4733333333333333,0.152795187850306,0.0,0.0473333333333333,1.028088684472766,-3.687079349084952,0.08,1.2597912155985969,4.539092966452923,0.4898772379769818,3.099957930290344,0.3274583333333333,회피 우선,capitulation,0.75,0.58,0.0,0.5833333333333334,0.5833333333333334,0.6833333333333333,보조 관찰,0.3243700743707426,0.4867803991085003,-0.3046578112398391,0.0,0.760465438096724,27,0.4074074074074074,-0.5506326665877475,0.0008235408327386688,0.121952,0.281069,0.326094,0.239824,-0.031221,0.5166666666666667,-0.029503845,장중 반등 약함,반등 약함,-1.840166714691748,0.2,0.0833333333333333,마감 약세/대기,다음 장 실시간 확인 필요,2026-06-19 21:37:29
trading_day,full_market,weekend_gap,3,바이오,10,약세/불확실,0.39168683615118344,0,0.487103935337454,8,11,상승 가능/오차 큼,0.487103935337454,-3.802778558793455,4.547085744728419,8.349864303521874,낮음,0.18262562673431082,"중심 +0.49%, 구간 -3.80%~+4.55%, 폭 8.35%p",중심은 양수지만 구간이 넓어 단일 수익률보다 리스크 확인 우선,예상수익=중립/오차 큼; 신호점수=0.392; 신뢰도=0.246,8,회피 우선,0.18963856390205575,리스크 차단,상위 리스크 모델의 회피 조건 발생; V5=시장 패닉 국면; 랭킹품질=랭킹 품질 경고 존재; 전체 Top3 겹침률 30% 미만; 최근 10거래일 RankIC 음수; 최근 10거래일 Top3-Bottom3 spread 음수,0.2020482722491277,약신호-회피일치,0.35182629731483883,회피 우선,회피 우선,회피 우선,회피 우선,0,상위 리스크 모델의 회피 조건 발생,caution,랭킹 품질 경고 존재; 전체 Top3 겹침률 30% 미만; 최근 10거래일 RankIC 음수; 최근 10거래일 Top3-Bottom3 spread 음수,0,1,2026-06-19,0.04462245706643336,0.2962962962962963,0.043356643356643354,0.513194936198995,-0.036019501974655435,-0.14983146036360467,5,0.6956655599999999,회피 유지: 주요 리스크 게이트 우세,회피 유지,0,0.40098673428231735,0,약신호-회피일치,0.175,1,7,"상승 근거가 부족하고 백테스트 신뢰도 low, V4/V5 리스크 게이트, 장중 브릿지 약세도 겹쳐 회피 우선 판단과 신호가 일치한다.",신뢰도 medium 이상 회복 / 장중 브릿지 0.50 이상 / V4/V5 회피 게이트 해제 확인 전까지 보수 대응,weak,0.2825779166666667,0.39168683615118344,0.41953345602048314,0.40990712074303404,0.43076269182141536,0.41844799148994616,-0.006524160680804307,0.24593294134788557,0.3,0.18963856390205575,-0.1687118940935874,low,low,0.46700619908623886,0.5300865490199008,0.22041797232601945,0.3051245919588005,456.0,2280,2026-06-19,backtest_empirical_v1,decision_layer_v9_ranking_quality_soft_gate,0.487103935337454,0.2911500815016338,-1.656844212450446,0.960021793448787,4.547085744728419,0.487103935337454,-3.802778558793455,3.729154719881832,3.877036595524093,-1.9885333845656976,3.729154719881832,3.242050784544378,True,recent_interval_miscalibration,last_5_evaluated_days,0.6333333333333333,0.31666666666666665,1.474996076607933,0.0,1.8142451742277577,0.0,7.531933278675287,3.802778558793455,3.729154719881832,0.1256382093219855,0.8666852520822095,0.1502456215860632,0.130620468156089,low,mixed_range,중립/오차 큼,수익률 예측 대비 오차폭이 커서 보수 해석,0.5481841739430875,0.4585822515312652,0.5185053150116671,0.4157882845261762,0.4959610218775614,0.3951605310234441,0.2724285596864226,0.2902108211705735,0.3342340585020094,0.2562859578095035,0.0571395879981013,-2.378064589933532,0.0,1.0,0.1541666666666666,-1.9745534358906465,0.141533837270397,-0.6004136224222028,1.0,0.4542083333333333,0.4542083333333333,0.6395833333333333,0.6395833333333333,partial,0.55,recent_but_outside_fresh_window_or_partial_source,0.776,0.6938,0.5144,0.2195,news_search_confirmed,0.5,0.094,last_60,2026-06-21T22:27:45,0.37923089587243536,2026-06-20T00:00:00,2026-06-22,0.0378285719248586,D: 회피,보정 양호,8.0,1.3333333333333337,7.379279124408559,1.3333333333333337,0.6270833333333333,-2.9784782123557347,863408956800.0,-3.086857123005657,-3.145630523282845,0.4681897522793917,0.0,신규 진입 금지,시장 패닉 국면,1,0,1,0,0,0.5208333333333334,0.645,0.5458333333333333,0.2061901728060081,0.0,0.0204687499999999,0.1064738469103435,-3.804129724199584,0.19,-3.086857123005657,-3.145630523282845,0.4681897522793917,-0.1083789106499222,0.1097166666666666,회피 우선,capitulation,0.75,0.58,0.14,0.3333333333333333,0.3333333333333333,0.4170833333333334,관망,0.2997725818272603,0.5167596809000329,-0.4361204217657723,0.06,-0.947001808399258,27,0.4074074074074074,-0.3886039471842548,0.0023234638352167157,0.121286,0.227933,0.249355,0.202357,-0.035717,0.4416666666666667,-0.0345561975,장중 반등 약함,반등 약함,-2.9784782123557347,0.05,0.4166666666666667,마감 약세/대기,다음 장 실시간 확인 필요,2026-06-19 21:37:29
trading_day,full_market,weekend_gap,3,인터넷/플랫폼,7,중립/약함,0.43920204519798256,0,0.4791087116538768,9,8,상승 가능/오차 큼,0.4791087116538768,-3.684916401602922,3.683625787196469,7.368542188799391,낮음,0.19182225968544847,"중심 +0.48%, 구간 -3.68%~+3.68%, 폭 7.37%p",중심은 양수지만 구간이 넓어 단일 수익률보다 리스크 확인 우선,예상수익=제한적 상승; 신호점수=0.439; 신뢰도=0.272,5,회피 우선,0.21103548560631455,리스크 차단,상위 리스크 모델의 회피 조건 발생; V5=시장 패닉 국면; 랭킹품질=랭킹 품질 경고 존재; 전체 Top3 겹침률 30% 미만; 최근 10거래일 RankIC 음수; 최근 10거래일 Top3-Bottom3 spread 음수,0.228166559591668,약신호-회피일치,0.34892843948124297,회피 우선,회피 우선,회피 우선,회피 우선,0,상위 리스크 모델의 회피 조건 발생,caution,랭킹 품질 경고 존재; 전체 Top3 겹침률 30% 미만; 최근 10거래일 RankIC 음수; 최근 10거래일 Top3-Bottom3 spread 음수,0,1,2026-06-19,0.04462245706643336,0.2962962962962963,0.043356643356643354,0.513194936198995,-0.036019501974655435,-0.14983146036360467,5,0.6808973485714286,회피 유지: 주요 리스크 게이트 우세,회피 유지,0,0.4091952049345781,0,상승신호-강한리스크충돌,0.35,2,7,"제한적 상승 신호와 2개 상승 근거는 있으나 백테스트 신뢰도 low, V4/V5 리스크 게이트, 장중 브릿지 약세 때문에 최종 판단은 회피 우선이다.",신뢰도 medium 이상 회복 / 장중 브릿지 0.50 이상 / 반전 위험 0.35 미만 확인 전까지 보수 대응,weak,0.26949500000000004,0.43920204519798256,0.4160240792404827,0.46407378740970073,0.40736684662141237,0.45638193119355586,-0.0034894455045155317,0.2723320670156396,0.29586312711,0.21103548560631455,-0.14138239937944394,low,low,0.5385252703761927,0.5510945037112763,0.36311810630831465,0.28095773943485874,456.0,2280,2026-06-19,backtest_empirical_v1,decision_layer_v9_ranking_quality_soft_gate,0.4791087116538768,0.3000395290019111,-1.3699431776903384,0.8447744546722,3.683625787196469,0.4791087116538768,-3.684916401602922,3.371074725162269,3.5269518244881075,-1.870671227375164,3.371074725162269,2.891966013508392,True,recent_interval_miscalibration,last_5_evaluated_days,0.6333333333333333,0.31666666666666665,1.474996076607933,0.0,1.8142451742277577,0.0,7.055991126765191,3.684916401602922,3.371074725162269,0.13584214797813787,0.8055297649126438,0.1656688596670766,0.1421234326482675,low,mixed_range,제한적 상승,양수 예측이나 기대수익 대비 위험 보상은 제한적,0.5209095610574965,0.4411271243392789,0.5185053150116671,0.4157882845261762,0.4713199830495286,0.3951605310234441,0.2790996535562884,0.2902108211705735,0.3306789538976561,0.2562859578095035,0.0571395879981013,-2.378064589933532,0.0,1.0,0.1541666666666666,-1.9745534358906465,0.141533837270397,0.155278496712325,1.0,0.4486083333333333,0.4486083333333333,0.47875,0.47875,partial,0.55,recent_but_outside_fresh_window_or_partial_source,0.4847,0.3229,0.774,0.2063,news_search_confirmed,0.47421250000000004,0.094,last_60,2026-06-21T22:27:45,0.364233660763711,2026-06-20T00:00:00,2026-06-22,0.2186219083999039,D: 회피,보정 양호,7.0,1.041666666666667,6.545954647773913,8.333333333333334,0.4741666666666667,-2.222786093221208,3617154761009.0,2.9448763359961547,3.630848719021828,0.8901395535677464,0.0,신규 진입 금지,시장 패닉 국면,1,1,1,0,0,0.5291666666666668,0.705,0.5825,0.2534608229996457,0.0,0.05096875,0.0039093945845558,-5.159729195466704,0.21,2.9448763359961547,3.630848719021828,0.8901395535677464,5.167662429217362,0.2254749999999999,회피 우선,capitulation,0.75,0.58,0.08,0.5,0.5,0.4066666666666667,관망,0.2727111861060959,0.5178848439371088,-0.5031612812671002,0.06,0.9920316126888578,27,0.4074074074074074,-0.3265848655432463,0.002897583333836337,0.093286,0.355891,0.433719,0.28643,-0.025628,0.4083333333333334,-0.025051370000000003,장중 반등 약함,반등 약함,-2.222786093221208,0.15,0.8333333333333334,마감 약세/대기,다음 장 실시간 확인 필요,2026-06-19 21:37:29
trading_day,full_market,weekend_gap,3,통신,12,약세/불확실,0.3446547416605635,0,0.5796226855063312,6,7,상승 가능/오차 큼,0.5796226855063312,-4.170275178575096,4.676525272748284,8.84680045132338,낮음,0.24016001523964572,"중심 +0.58%, 구간 -4.17%~+4.68%, 폭 8.85%p",중심은 양수지만 구간이 넓어 단일 수익률보다 리스크 확인 우선,예상수익=중립/오차 큼; 신호점수=0.345; 신뢰도=0.186,12,회피 우선,0.1279568120687725,리스크 차단,상위 리스크 모델의 회피 조건 발생; V5=시장 패닉 국면; 랭킹품질=랭킹 품질 경고 존재; 전체 Top3 겹침률 30% 미만; 최근 10거래일 RankIC 음수; 최근 10거래일 Top3-Bottom3 spread 음수,0.216697929591791,약신호-회피일치,0.2856699099549124,회피 우선,회피 우선,회피 우선,회피 우선,0,상위 리스크 모델의 회피 조건 발생,caution,랭킹 품질 경고 존재; 전체 Top3 겹침률 30% 미만; 최근 10거래일 RankIC 음수; 최근 10거래일 Top3-Bottom3 spread 음수,0,1,2026-06-19,0.04462245706643336,0.2962962962962963,0.043356643356643354,0.513194936198995,-0.036019501974655435,-0.14983146036360467,7,0.8583375542857142,회피 유지: 주요 리스크 게이트 우세,강한 회피,0,0.3263759726823899,0,약신호-회피일치,0.175,1,7,"상승 근거가 부족하고 백테스트 신뢰도 low, V4/V5 리스크 게이트, 장중 브릿지 약세도 겹쳐 회피 우선 판단과 신호가 일치한다.",신뢰도 medium 이상 회복 / 장중 브릿지 0.50 이상 / V4/V5 회피 게이트 해제 확인 전까지 보수 대응,weak,0.21219208333333336,0.3446547416605635,0.42434706031496977,0.19740712074303404,0.4898308031377542,0.4483329936059057,-0.004133360511527542,0.18588208992138924,0.12430420577142853,0.1279568120687725,-0.16184645839766745,low,low,0.46998766741453524,0.5314787311431683,0.2741070799560587,0.30585844401420226,456.2,2280,2026-06-19,backtest_empirical_v1,decision_layer_v9_ranking_quality_soft_gate,0.5796226855063312,0.188118491421157,-1.3356897126116865,1.0712054068451344,4.676525272748284,0.5796226855063312,-4.170275178575096,4.387911451009575,4.443274576482959,-2.3560300043473386,4.387911451009575,3.808288765503244,True,recent_interval_miscalibration,last_5_evaluated_days,0.6333333333333333,0.31666666666666665,1.474996076607933,0.0,1.8142451742277577,0.0,8.558186629584672,4.170275178575096,4.387911451009575,0.130449441178836,0.9395402376157908,0.1522002981382997,0.1320953469498503,low,mixed_range,중립/오차 큼,수익률 예측 대비 오차폭이 커서 보수 해석,0.4973253890733901,0.3972793369115881,0.5201210142143681,0.4118547710674011,0.4122684668402686,0.3765182186234818,0.2174355667985047,0.2902108211705735,0.2692868175879446,0.2562859578095035,0.0571395879981013,-2.378064589933532,0.0,1.0,0.1541666666666666,-1.9745534358906465,0.141533837270397,-1.7837798838139842,1.0,0.285425,0.285425,0.6729166666666666,0.6729166666666666,partial,0.55,recent_but_outside_fresh_window_or_partial_source,0.7493,0.4188,0.7069,0.2913,news_search_confirmed,0.46965624999999994,0.094,last_60,2026-06-21T22:27:45,0.3405109456574614,2026-06-20T00:00:00,2026-06-22,0.1061789260718084,D: 회피,보정 양호,8.0,1.3333333333333337,7.358799090722837,1.3333333333333337,0.53375,-4.161844473747517,629408196632.0,-3.352842957127661,-3.532891185554275,0.6505957996356048,0.0,신규 진입 금지,시장 패닉 국면,1,0,1,0,0,0.15,0.6933333333333334,0.6558333333333333,0.2785222802911159,0.0,0.0327916666666666,0.6929203487755867,-4.960407364773362,0.37,-3.352842957127661,-3.532891185554275,0.6505957996356048,0.8090015166198552,0.0,회피 우선,capitulation,0.75,0.58,0.32,0.0833333333333333,0.4166666666666667,0.0,회피 우선,0.2485667028581988,0.5309760436691966,-0.6992629261869281,0.18,-2.372077860995092,27,0.25925925925925924,-1.4395316719690874,-0.01883369567422002,0.076286,0.151783,0.343164,0.128344,-0.044599,0.3770833333333334,-0.044013638125000004,장중 반등 약함,반등 약함,-4.161844473747517,0.05,0.3333333333333333,마감 약세/대기,다음 장 실시간 확인 필요,2026-06-19 21:37:29
trading_day,full_market,weekend_gap,3,반도체/전자,11,약세/불확실,0.348726840243371,0,0.3166724427894054,12,12,상승 가능/오차 큼,0.3166724427894054,-4.971953581086407,4.56357832685431,9.535531907940717,낮음,0.04165921110393471,"중심 +0.32%, 구간 -4.97%~+4.56%, 폭 9.54%p",중심은 양수지만 구간이 넓어 단일 수익률보다 리스크 확인 우선,예상수익=중립/오차 큼; 신호점수=0.349; 신뢰도=0.219,10,회피 우선,0.16885462342521218,리스크 차단,상위 리스크 모델의 회피 조건 발생; V5=시장 패닉 국면; 랭킹품질=랭킹 품질 경고 존재; 전체 Top3 겹침률 30% 미만; 최근 10거래일 RankIC 음수; 최근 10거래일 Top3-Bottom3 spread 음수,0.1798722168181588,약신호-회피일치,0.1934194573937678,회피 우선,회피 우선,회피 우선,회피 우선,0,상위 리스크 모델의 회피 조건 발생,caution,랭킹 품질 경고 존재; 전체 Top3 겹침률 30% 미만; 최근 10거래일 RankIC 음수; 최근 10거래일 Top3-Bottom3 spread 음수,0,1,2026-06-19,0.04462245706643336,0.2962962962962963,0.043356643356643354,0.513194936198995,-0.036019501974655435,-0.14983146036360467,5,0.6257803085714285,회피 유지: 주요 리스크 게이트 우세,회피 유지,0,0.2964857899032826,0,약신호-회피일치,0.15,1,6,"상승 근거가 부족하고 백테스트 신뢰도 low, V4/V5 리스크 게이트, 장중 브릿지 약세도 겹쳐 회피 우선 판단과 신호가 일치한다.",신뢰도 medium 이상 회복 / 장중 브릿지 0.50 이상 / 반전 위험 0.35 미만 확인 전까지 보수 대응,weak,0.20154931666666664,0.348726840243371,0.39373276886280867,0.1890737874097007,0.2857355267900134,0.30270422704921757,-0.015783661836062595,0.21905402980040486,0.3,0.16885462342521218,-0.04034849580461822,low,low,0.4701689542363705,0.5253281284040554,0.21894680258860208,0.28202646346348503,456.2,2280,2026-06-19,backtest_empirical_v1,decision_layer_v9_ranking_quality_soft_gate,0.3166724427894054,-0.2394110073190801,-2.316061609894585,0.7649054438658264,4.56357832685431,0.3166724427894054,-4.971953581086407,4.436722024989827,4.755035393180136,-3.1577084068586494,4.436722024989827,4.120049582200421,True,recent_interval_miscalibration,last_5_evaluated_days,0.6333333333333333,0.31666666666666665,1.474996076607933,0.0,1.8142451742277577,0.0,9.408675606076233,4.971953581086407,4.436722024989827,0.06659728405882946,0.8108113417345466,0.0768613184068232,0.0713753174090575,low,mixed_range,중립/오차 큼,수익률 예측 대비 오차폭이 커서 보수 해석,0.475808173046285,0.4089101315543708,0.5201210142143681,0.4118547710674011,0.4339914384077933,0.3765182186234818,0.279865268845261,0.2902108211705735,0.3032554031254201,0.2562859578095035,0.0571395879981013,-2.378064589933532,0.0,1.0,0.1541666666666666,-1.9745534358906465,0.141533837270397,-1.2643773393574,1.0,0.2472083333333333,0.2472083333333333,0.82625,0.82625,partial,0.55,recent_but_outside_fresh_window_or_partial_source,0.92,0.7521,0.4735,0.2396,high_reversal_or_tail_risk_discount,0.47004999999999997,0.094,last_60,2026-06-21T22:27:45,0.19323552284708834,2026-06-20T00:00:00,2026-06-22,0.0690412238006645,D: 회피,보정 양호,8.0,1.3333333333333337,7.839605489842311,1.3333333333333337,0.6854166666666667,-3.642441929290932,45417784314148.0,0.0949822853599165,0.6771421748059271,0.8020714961616984,0.3424838333333332,신규 진입 금지,시장 패닉 국면,1,0,0,0,0,0.5383333333333333,0.7283333333333334,0.7325,0.2681285284718714,0.0,0.1678645833333333,0.1813904355485734,-7.186951135019987,0.08,0.0949822853599165,0.6771421748059271,0.8020714961616984,3.737424214650849,0.1288083333333333,회피 우선,capitulation,0.75,0.58,0.08,0.1666666666666666,0.1666666666666666,0.2816666666666667,회피 우선,0.321280654787228,0.5358069912764842,-0.8090153781085619,0.06,-1.9629838296539628,27,0.48148148148148145,0.5043982035265714,0.016304398030368365,0.119952,0.35091,0.397357,0.288164,-0.02542,0.2104166666666667,-0.026357362500000002,장중 반등 약함,반등 약함,-3.642441929290932,0.25,1.0,마감 약세/대기,다음 장 실시간 확인 필요,2026-06-19 21:37:29
